"Station Name","AMQUI"
"Province","QUEBEC"
"Latitude","48.47"
"Longitude","-67.43"
"Elevation","166.00"
"Climate Identifier","7050145"
"WMO Identifier","71386"
"TC Identifier","WZS"
"All times are specified in Local Standard Time (LST). Add 1 hour to adjust for Daylight Saving Time where and when it is observed."

"Legend"
"E","Estimated"
"M","Missing"
"NA","Not Available"
"","Partner data that is not subject to review by the National Climate Archives"

"Date/Time","Year","Month","Day","Time","Data Quality","Temp (°C)","Temp Flag","Dew Point Temp (°C)","Dew Point Temp Flag","Rel Hum (%)","Rel Hum Flag","Wind Dir (10s deg)","Wind Dir Flag","Wind Spd (km/h)","Wind Spd Flag","Visibility (km)","Visibility Flag","Stn Press (kPa)","Stn Press Flag","Hmdx","Hmdx Flag","Wind Chill","Wind Chill Flag","Weather"
"2015-01-01 00:00","2015","01","01","00:00"," ","-19.8","","-22.5","","79","","16","","10","","","","99.07","","","","-27","","NA"
"2015-01-01 01:00","2015","01","01","01:00"," ","-19.2","","-22.1","","78","","17","","10","","","","98.99","","","","-26","","NA"
"2015-01-01 02:00","2015","01","01","02:00"," ","-19.0","","-21.9","","78","","17","","10","","","","98.94","","","","-26","","NA"
"2015-01-01 03:00","2015","01","01","03:00"," ","-19.0","","-21.9","","78","","17","","10","","","","98.82","","","","-26","","NA"
"2015-01-01 04:00","2015","01","01","04:00"," ","-18.2","","-20.9","","79","","17","","7","","","","98.76","","","","-24","","NA"
"2015-01-01 05:00","2015","01","01","05:00"," ","-17.2","","-19.5","","83","","17","","8","","","","98.69","","","","-23","","NA"
"2015-01-01 06:00","2015","01","01","06:00"," ","-17.0","","-19.2","","83","","17","","7","","","","98.66","","","","-22","","NA"
"2015-01-01 07:00","2015","01","01","07:00"," ","-16.0","","-17.8","","86","","18","","7","","","","98.64","","","","-21","","NA"
"2015-01-01 08:00","2015","01","01","08:00"," ","-14.6","","-16.6","","84","","16","","8","","","","98.65","","","","-20","","NA"
"2015-01-01 09:00","2015","01","01","09:00"," ","-13.7","","-16.3","","81","","16","","7","","","","98.65","","","","-18","","NA"
"2015-01-01 10:00","2015","01","01","10:00"," ","-11.6","","-15.4","","74","","16","","6","","","","98.57","","","","-15","","NA"
"2015-01-01 11:00","2015","01","01","11:00"," ","-9.3","","-14.2","","67","","18","","10","","","","98.41","","","","-14","","NA"
"2015-01-01 12:00","2015","01","01","12:00"," ","-7.8","","-14.0","","61","","19","","11","","","","98.32","","","","-13","","NA"
"2015-01-01 13:00","2015","01","01","13:00"," ","-6.9","","-13.9","","57","","19","","8","","","","98.29","","","","-11","","NA"
"2015-01-01 14:00","2015","01","01","14:00"," ","-7.6","","-13.0","","66","","18","","11","","","","98.24","","","","-13","","NA"
"2015-01-01 15:00","2015","01","01","15:00"," ","-7.6","","-12.2","","70","","17","","8","","","","98.26","","","","-12","","NA"
"2015-01-01 16:00","2015","01","01","16:00"," ","-8.0","","-12.0","","73","","16","","9","","","","98.28","","","","-13","","NA"
"2015-01-01 17:00","2015","01","01","17:00"," ","-8.3","","-10.7","","83","","16","","9","","","","98.27","","","","-13","","NA"
"2015-01-01 18:00","2015","01","01","18:00"," ","-8.1","","-10.6","","82","","17","","7","","","","98.25","","","","-12","","NA"
"2015-01-01 19:00","2015","01","01","19:00"," ","-8.3","","-10.0","","88","","17","","5","","","","98.25","","","","-11","","NA"
"2015-01-01 20:00","2015","01","01","20:00"," ","-8.3","","-9.4","","92","","17","","3","","","","98.24","","","","-10","","NA"
"2015-01-01 21:00","2015","01","01","21:00"," ","-8.0","","-9.2","","91","","18","","6","","","","98.24","","","","-11","","NA"
"2015-01-01 22:00","2015","01","01","22:00"," ","-7.5","","-9.7","","84","","28","","10","","","","98.30","","","","-12","","NA"
"2015-01-01 23:00","2015","01","01","23:00"," ","-8.5","","-10.1","","88","","33","","10","","","","98.36","","","","-13","","NA"
"2015-01-02 00:00","2015","01","02","00:00"," ","-9.8","","-11.6","","87","","35","","3","","","","98.41","","","","-12","","NA"
"2015-01-02 01:00","2015","01","02","01:00"," ","-11.7","","-12.8","","92","","20","","2","","","","98.40","","","","-13","","NA"
"2015-01-02 02:00","2015","01","02","02:00"," ","-11.6","","-12.6","","92","","0","","1","","","","98.41","","","","-12","","NA"
"2015-01-02 03:00","2015","01","02","03:00"," ","-10.9","","-11.9","","92","","35","","2","","","","98.40","","","","-12","","NA"
"2015-01-02 04:00","2015","01","02","04:00"," ","-10.9","","-12.0","","92","","2","","2","","","","98.37","","","","-12","","NA"
"2015-01-02 05:00","2015","01","02","05:00"," ","-10.9","","-12.2","","90","","1","","3","","","","98.36","","","","-13","","NA"
"2015-01-02 06:00","2015","01","02","06:00"," ","-11.3","","-12.5","","91","","","","0","","","","98.42","","","","","","NA"
"2015-01-02 07:00","2015","01","02","07:00"," ","-12.9","","-14.1","","91","","36","","3","","","","98.50","","","","-15","","NA"
"2015-01-02 08:00","2015","01","02","08:00"," ","-12.0","","-13.2","","91","","34","","3","","","","98.58","","","","-14","","NA"
"2015-01-02 09:00","2015","01","02","09:00"," ","-12.7","","-13.9","","91","","","","0","","","","98.61","","","","","","NA"
"2015-01-02 10:00","2015","01","02","10:00"," ","-11.6","","-13.5","","86","","17","","3","","","","98.68","","","","-13","","NA"
"2015-01-02 11:00","2015","01","02","11:00"," ","-10.5","","-12.5","","85","","15","","3","","","","98.70","","","","-12","","NA"
"2015-01-02 12:00","2015","01","02","12:00"," ","-9.6","","-12.0","","82","","0","","1","","","","98.68","","","","-10","","NA"
"2015-01-02 13:00","2015","01","02","13:00"," ","-9.7","","-11.7","","85","","32","","6","","","","98.72","","","","-13","","NA"
"2015-01-02 14:00","2015","01","02","14:00"," ","-11.1","","-15.4","","71","","31","","15","","","","98.92","","","","-18","","NA"
"2015-01-02 15:00","2015","01","02","15:00"," ","-13.2","","-17.6","","70","","28","","13","","","","99.10","","","","-20","","NA"
"2015-01-02 16:00","2015","01","02","16:00"," ","-14.2","","-17.5","","76","","27","","23","","","","99.25","","","","-24","","NA"
"2015-01-02 17:00","2015","01","02","17:00"," ","-14.7","","-17.3","","80","","31","","15","","","","99.44","","","","-23","","NA"
"2015-01-02 18:00","2015","01","02","18:00"," ","-15.6","","-18.8","","76","","30","","27","","","","99.58","","","","-26","","NA"
"2015-01-02 19:00","2015","01","02","19:00"," ","-16.3","","-19.3","","78","","30","","17","","","","99.72","","","","-25","","NA"
"2015-01-02 20:00","2015","01","02","20:00"," ","-17.4","","-21.3","","71","","32","","19","","","","99.89","","","","-27","","NA"
"2015-01-02 21:00","2015","01","02","21:00"," ","-17.8","","-20.5","","79","","32","","14","","","","100.00","","","","-26","","NA"
"2015-01-02 22:00","2015","01","02","22:00"," ","-18.3","","-21.2","","78","","31","","17","","","","100.10","","","","-28","","NA"
"2015-01-02 23:00","2015","01","02","23:00"," ","-19.1","","-22.4","","75","","32","","20","","","","100.22","","","","-29","","NA"
"2015-01-03 00:00","2015","01","03","00:00"," ","-19.4","","-23.2","","72","","31","","19","","","","100.34","","","","-29","","NA"
"2015-01-03 01:00","2015","01","03","01:00"," ","-19.6","","-22.6","","77","","32","","13","","","","100.49","","","","-28","","NA"
"2015-01-03 02:00","2015","01","03","02:00"," ","-20.2","","-23.9","","72","","30","","14","","","","100.62","","","","-29","","NA"
"2015-01-03 03:00","2015","01","03","03:00"," ","-20.4","","-24.2","","72","","31","","14","","","","100.73","","","","-29","","NA"
"2015-01-03 04:00","2015","01","03","04:00"," ","-20.1","","-24.2","","70","","31","","17","","","","100.86","","","","-30","","NA"
"2015-01-03 05:00","2015","01","03","05:00"," ","-20.3","","-24.1","","72","","31","","18","","","","100.90","","","","-30","","NA"
"2015-01-03 06:00","2015","01","03","06:00"," ","-20.3","","-22.8","","80","","32","","10","","","","100.99","","","","-28","","NA"
"2015-01-03 07:00","2015","01","03","07:00"," ","-21.7","","-25.3","","73","","31","","12","","","","101.10","","","","-30","","NA"
"2015-01-03 08:00","2015","01","03","08:00"," ","-21.7","","-26.0","","68","","29","","14","","","","101.28","","","","-31","","NA"
"2015-01-03 09:00","2015","01","03","09:00"," ","-21.4","","-26.1","","66","","29","","14","","","","101.43","","","","-30","","NA"
"2015-01-03 10:00","2015","01","03","10:00"," ","-20.5","","-25.3","","66","","30","","15","","","","101.48","","","","-30","","NA"
"2015-01-03 11:00","2015","01","03","11:00"," ","-19.4","","-24.7","","63","","33","","13","","","","101.50","","","","-28","","NA"
"2015-01-03 12:00","2015","01","03","12:00"," ","-18.7","","-23.9","","64","","31","","11","","","","101.48","","","","-26","","NA"
"2015-01-03 13:00","2015","01","03","13:00"," ","-17.4","","-23.0","","62","","35","","9","","","","101.52","","","","-24","","NA"
"2015-01-03 14:00","2015","01","03","14:00"," ","-16.4","","-22.3","","60","","1","","4","","","","101.56","","","","-19","","NA"
"2015-01-03 15:00","2015","01","03","15:00"," ","-16.9","","-22.3","","63","","9","","4","","","","101.55","","","","-20","","NA"
"2015-01-03 16:00","2015","01","03","16:00"," ","-19.1","","-21.8","","79","","18","","3","","","","101.62","","","","-22","","NA"
"2015-01-03 17:00","2015","01","03","17:00"," ","-18.0","","-21.7","","73","","16","","5","","","","101.62","","","","-22","","NA"
"2015-01-03 18:00","2015","01","03","18:00"," ","-18.2","","-21.4","","76","","17","","6","","","","101.53","","","","-23","","NA"
"2015-01-03 19:00","2015","01","03","19:00"," ","-18.6","","-21.8","","76","","17","","7","","","","101.55","","","","-24","","NA"
"2015-01-03 20:00","2015","01","03","20:00"," ","-19.2","","-22.4","","75","","17","","7","","","","101.45","","","","-25","","NA"
"2015-01-03 21:00","2015","01","03","21:00"," ","-19.1","","-22.3","","75","","17","","9","","","","101.49","","","","-26","","NA"
"2015-01-03 22:00","2015","01","03","22:00"," ","-18.7","","-22.0","","75","","17","","7","","","","101.36","","","","-24","","NA"
"2015-01-03 23:00","2015","01","03","23:00"," ","-17.9","","-21.8","","71","","15","","10","","","","101.25","","","","-25","","NA"
"2015-01-04 00:00","2015","01","04","00:00"," ","-17.3","","-21.9","","67","","16","","11","","","","101.14","","","","-24","","NA"
"2015-01-04 01:00","2015","01","04","01:00"," ","-16.5","","-21.7","","64","","15","","12","","","","101.07","","","","-24","","NA"
"2015-01-04 02:00","2015","01","04","02:00"," ","-16.9","","-19.3","","82","","16","","12","","","","101.01","","","","-24","","NA"
"2015-01-04 03:00","2015","01","04","03:00"," ","-16.8","","-18.9","","84","","16","","14","","","","100.89","","","","-25","","NA"
"2015-01-04 04:00","2015","01","04","04:00"," ","-16.7","","-18.6","","85","","16","","10","","","","100.74","","","","-23","","NA"
"2015-01-04 05:00","2015","01","04","05:00"," ","-16.2","","-18.1","","85","","17","","8","","","","100.52","","","","-22","","NA"
"2015-01-04 06:00","2015","01","04","06:00"," ","-15.6","","-17.4","","86","","18","","7","","","","100.40","","","","-21","","NA"
"2015-01-04 07:00","2015","01","04","07:00"," ","-15.3","","-17.0","","87","","17","","5","","","","100.29","","","","-19","","NA"
"2015-01-04 08:00","2015","01","04","08:00"," ","-13.8","","-15.3","","88","","17","","12","","","","100.12","","","","-21","","NA"
"2015-01-04 09:00","2015","01","04","09:00"," ","-13.1","","-14.6","","88","","16","","12","","","","99.97","","","","-20","","NA"
"2015-01-04 10:00","2015","01","04","10:00"," ","-12.2","","-13.8","","88","","16","","16","","","","99.81","","","","-20","","NA"
"2015-01-04 11:00","2015","01","04","11:00"," ","-11.4","","-13.0","","87","","16","","13","","","","99.58","","","","-18","","NA"
"2015-01-04 12:00","2015","01","04","12:00"," ","-10.2","","-12.1","","86","","15","","16","","","","99.24","","","","-17","","NA"
"2015-01-04 13:00","2015","01","04","13:00"," ","-9.3","","-11.0","","87","","16","","11","","","","99.07","","","","-15","","NA"
"2015-01-04 14:00","2015","01","04","14:00"," ","-8.7","","-9.8","","92","","16","","10","","","","98.90","","","","-14","","NA"
"2015-01-04 15:00","2015","01","04","15:00"," ","-8.2","","-9.1","","93","","16","","8","","","","98.66","","","","-12","","NA"
"2015-01-04 16:00","2015","01","04","16:00"," ","-7.6","","-8.3","","94","","17","","6","","","","98.42","","","","-11","","NA"
"2015-01-04 17:00","2015","01","04","17:00"," ","-6.8","","-7.4","","95","","18","","5","","","","98.23","","","","-9","","NA"
"2015-01-04 18:00","2015","01","04","18:00"," ","-6.8","","-7.4","","96","","18","","5","","","","98.07","","","","-9","","NA"
"2015-01-04 19:00","2015","01","04","19:00"," ","-5.5","","-6.1","","95","","16","","9","","","","97.92","","","","-10","","NA"
"2015-01-04 20:00","2015","01","04","20:00"," ","-4.8","","-5.9","","92","","16","","11","","","","97.62","","","","-9","","NA"
"2015-01-04 21:00","2015","01","04","21:00"," ","-4.6","","-5.9","","91","","16","","13","","","","97.41","","","","-10","","NA"
"2015-01-04 22:00","2015","01","04","22:00"," ","-4.6","","-5.3","","95","","17","","8","","","","97.34","","","","-8","","NA"
"2015-01-04 23:00","2015","01","04","23:00"," ","-4.5","","-5.0","","96","","15","","6","","","","97.28","","","","-7","","NA"
"2015-01-05 00:00","2015","01","05","00:00"," ","-4.3","","-4.6","","98","","17","","7","","","","97.05","","","","-7","","NA"
"2015-01-05 01:00","2015","01","05","01:00"," ","-4.2","","-4.6","","97","","17","","10","","","","96.96","","","","-8","","NA"
"2015-01-05 02:00","2015","01","05","02:00"," ","-4.0","","-4.5","","96","","16","","3","","","","96.83","","","","-5","","NA"
"2015-01-05 03:00","2015","01","05","03:00"," ","-3.9","","-4.4","","97","","17","","4","","","","96.86","","","","-6","","NA"
"2015-01-05 04:00","2015","01","05","04:00"," ","-3.1","","-5.0","","87","","30","","10","","","","96.80","","","","-7","","NA"
"2015-01-05 05:00","2015","01","05","05:00"," ","-4.9","","-7.8","","80","","30","","20","","","","96.86","","","","-11","","NA"
"2015-01-05 06:00","2015","01","05","06:00"," ","-6.7","","-9.6","","80","","24","","15","","","","96.94","","","","-13","","NA"
"2015-01-05 07:00","2015","01","05","07:00"," ","-8.8","","-12.1","","77","","24","","16","","","","97.03","","","","-16","","NA"
"2015-01-05 08:00","2015","01","05","08:00"," ","-9.7","","-13.2","","76","","27","","17","","","","97.14","","","","-17","","NA"
"2015-01-05 09:00","2015","01","05","09:00"," ","-10.2","","-14.1","","73","","27","","26","","","","97.24","","","","-19","","NA"
"2015-01-05 10:00","2015","01","05","10:00"," ","-10.7","","-15.2","","69","","28","","28","","","","97.27","","","","-20","","NA"
"2015-01-05 11:00","2015","01","05","11:00"," ","-11.3","","-16.3","","66","","27","","19","","","","97.33","","","","-19","","NA"
"2015-01-05 12:00","2015","01","05","12:00"," ","-12.8","","-18.3","","64","","29","","27","","","","97.41","","","","-23","","NA"
"2015-01-05 13:00","2015","01","05","13:00"," ","-14.4","","-19.2","","66","","27","","28","","","","97.57","","","","-25","","NA"
"2015-01-05 14:00","2015","01","05","14:00"," ","-15.6","","-19.4","","73","","27","","22","","","","97.79","","","","-25","","NA"
"2015-01-05 15:00","2015","01","05","15:00"," ","-16.4","","-19.6","","76","","27","","23","","","","97.94","","","","-27","","NA"
"2015-01-05 16:00","2015","01","05","16:00"," ","-17.3","","-20.1","","79","","27","","22","","","","98.07","","","","-28","","NA"
"2015-01-05 17:00","2015","01","05","17:00"," ","-17.6","","-20.7","","77","","27","","20","","","","98.19","","","","-27","","NA"
"2015-01-05 18:00","2015","01","05","18:00"," ","-18.1","","-20.9","","79","","29","","19","","","","98.35","","","","-28","","NA"
"2015-01-05 19:00","2015","01","05","19:00"," ","-19.0","","-22.2","","76","","30","","21","","","","98.49","","","","-29","","NA"
"2015-01-05 20:00","2015","01","05","20:00"," ","-19.9","","-23.2","","75","","30","","28","","","","98.62","","","","-32","","NA"
"2015-01-05 21:00","2015","01","05","21:00"," ","-20.3","","-23.4","","77","","30","","18","","","","98.76","","","","-30","","NA"
"2015-01-05 22:00","2015","01","05","22:00"," ","-21.3","","-24.8","","73","","30","","23","","","","98.85","","","","-33","","NA"
"2015-01-05 23:00","2015","01","05","23:00"," ","-22.2","","-25.7","","73","","30","","28","","","","98.95","","","","-35","","NA"
"2015-01-06 00:00","2015","01","06","00:00"," ","-22.5","","-26.0","","73","","31","","25","","","","99.04","","","","-35","","NA"
"2015-01-06 01:00","2015","01","06","01:00"," ","-23.1","","-27.0","","70","","30","","32","","","","99.10","","","","-37","","NA"
"2015-01-06 02:00","2015","01","06","02:00"," ","-23.6","","-27.2","","73","","29","","27","","","","99.19","","","","-37","","NA"
"2015-01-06 03:00","2015","01","06","03:00"," ","-24.0","","-27.6","","72","","30","","24","","","","99.31","","","","-37","","NA"
"2015-01-06 04:00","2015","01","06","04:00"," ","-24.5","","-28.6","","69","","30","","31","","","","99.37","","","","-39","","NA"
"2015-01-06 05:00","2015","01","06","05:00"," ","-24.9","","-28.8","","70","","30","","29","","","","99.43","","","","-39","","NA"
"2015-01-06 06:00","2015","01","06","06:00"," ","-25.4","","-29.7","","67","","30","","26","","","","99.50","","","","-39","","NA"
"2015-01-06 07:00","2015","01","06","07:00"," ","-25.6","","-29.7","","68","","30","","20","","","","99.57","","","","-38","","NA"
"2015-01-06 08:00","2015","01","06","08:00"," ","-25.6","","-29.9","","67","","30","","17","","","","99.64","","","","-37","","NA"
"2015-01-06 09:00","2015","01","06","09:00"," ","-25.2","","-29.7","","66","","30","","16","","","","99.71","","","","-36","","NA"
"2015-01-06 10:00","2015","01","06","10:00"," ","-24.8","","-29.8","","63","","31","","19","","","","99.68","","","","-36","","NA"
"2015-01-06 11:00","2015","01","06","11:00"," ","-24.1","","-29.6","","60","","30","","20","","","","99.63","","","","-36","","NA"
"2015-01-06 12:00","2015","01","06","12:00"," ","-23.9","","-29.8","","58","","30","","20","","","","99.60","","","","-35","","NA"
"2015-01-06 13:00","2015","01","06","13:00"," ","-23.2","","-28.9","","60","","31","","14","","","","99.58","","","","-33","","NA"
"2015-01-06 14:00","2015","01","06","14:00"," ","-22.8","","-28.0","","63","","32","","8","","","","99.60","","","","-30","","NA"
"2015-01-06 15:00","2015","01","06","15:00"," ","-22.3","","-28.4","","58","","27","","8","","","","99.57","","","","-29","","NA"
"2015-01-06 16:00","2015","01","06","16:00"," ","-24.6","","-28.5","","70","","0","","1","","","","99.50","","","","-26","","NA"
"2015-01-06 17:00","2015","01","06","17:00"," ","-25.9","","-28.5","","79","","14","","2","","","","99.47","","","","-28","","NA"
"2015-01-06 18:00","2015","01","06","18:00"," ","-26.1","","-28.7","","78","","16","","5","","","","99.48","","","","-31","","NA"
"2015-01-06 19:00","2015","01","06","19:00"," ","-26.9","","-29.6","","77","","17","","5","","","","99.41","","","","-32","","NA"
"2015-01-06 20:00","2015","01","06","20:00"," ","-26.3","","-29.1","","78","","17","","6","","","","99.32","","","","-32","","NA"
"2015-01-06 21:00","2015","01","06","21:00"," ","-26.3","","-29.1","","78","","17","","7","","","","99.27","","","","-33","","NA"
"2015-01-06 22:00","2015","01","06","22:00"," ","-26.6","","-29.3","","78","","17","","7","","","","99.20","","","","-33","","NA"
"2015-01-06 23:00","2015","01","06","23:00"," ","-26.3","","-29.1","","78","","19","","6","","","","99.13","","","","-32","","NA"
"2015-01-07 00:00","2015","01","07","00:00"," ","-25.7","","-28.4","","79","","17","","4","","","","99.10","","","","-30","","NA"
"2015-01-07 01:00","2015","01","07","01:00"," ","-25.5","","-28.1","","79","","17","","4","","","","99.04","","","","-30","","NA"
"2015-01-07 02:00","2015","01","07","02:00"," ","-25.5","","-28.1","","79","","15","","5","","","","99.01","","","","-31","","NA"
"2015-01-07 03:00","2015","01","07","03:00"," ","-25.0","","-27.5","","79","","15","","3","","","","98.94","","","","-28","","NA"
"2015-01-07 04:00","2015","01","07","04:00"," ","-24.9","","-27.5","","79","","15","","4","","","","98.87","","","","-29","","NA"
"2015-01-07 05:00","2015","01","07","05:00"," ","-25.0","","-27.5","","80","","17","","3","","","","98.81","","","","-28","","NA"
"2015-01-07 06:00","2015","01","07","06:00"," ","-25.4","","-27.9","","79","","15","","3","","","","98.80","","","","-28","","NA"
"2015-01-07 07:00","2015","01","07","07:00"," ","-25.3","","-27.9","","79","","14","","4","","","","98.84","","","","-29","","NA"
"2015-01-07 08:00","2015","01","07","08:00"," ","-25.0","","-27.5","","80","","20","","2","","","","98.84","","","","-27","","NA"
"2015-01-07 09:00","2015","01","07","09:00"," ","-24.6","","-27.3","","78","","15","","5","","","","98.83","","","","-29","","NA"
"2015-01-07 10:00","2015","01","07","10:00"," ","-22.5","","-25.4","","77","","18","","3","","","","98.77","","","","-25","","NA"
"2015-01-07 11:00","2015","01","07","11:00"," ","-20.8","","-24.2","","74","","34","","1","","","","98.68","","","","-22","","NA"
"2015-01-07 12:00","2015","01","07","12:00"," ","-19.8","","-23.6","","71","","33","","3","","","","98.58","","","","-22","","NA"
"2015-01-07 13:00","2015","01","07","13:00"," ","-18.7","","-22.3","","73","","34","","7","","","","98.53","","","","-24","","NA"
"2015-01-07 14:00","2015","01","07","14:00"," ","-17.7","","-21.4","","73","","36","","7","","","","98.56","","","","-23","","NA"
"2015-01-07 15:00","2015","01","07","15:00"," ","-17.8","","-21.0","","76","","32","","11","","","","98.61","","","","-25","","NA"
"2015-01-07 16:00","2015","01","07","16:00"," ","-18.6","","-21.4","","79","","35","","10","","","","98.68","","","","-26","","NA"
"2015-01-07 17:00","2015","01","07","17:00"," ","-20.1","","-23.2","","76","","32","","19","","","","98.79","","","","-30","","NA"
"2015-01-07 18:00","2015","01","07","18:00"," ","-21.1","","-24.4","","75","","33","","21","","","","98.87","","","","-32","","NA"
"2015-01-07 19:00","2015","01","07","19:00"," ","-21.8","","-24.9","","76","","34","","26","","","","98.93","","","","-34","","NA"
"2015-01-07 20:00","2015","01","07","20:00"," ","-22.5","","-25.7","","75","","33","","16","","","","99.01","","","","-32","","NA"
"2015-01-07 21:00","2015","01","07","21:00"," ","-22.9","","-25.8","","77","","33","","14","","","","99.07","","","","-32","","NA"
"2015-01-07 22:00","2015","01","07","22:00"," ","-23.7","","-28.1","","67","","31","","18","","","","99.12","","","","-35","","NA"
"2015-01-07 23:00","2015","01","07","23:00"," ","-24.6","","-28.1","","73","","31","","11","","","","99.12","","","","-33","","NA"
"2015-01-08 00:00","2015","01","08","00:00"," ","-25.0","","-28.9","","70","","32","","16","","","","99.12","","","","-36","","NA"
"2015-01-08 01:00","2015","01","08","01:00"," ","-25.4","","-30.7","","61","","30","","20","","","","99.18","","","","-37","","NA"
"2015-01-08 02:00","2015","01","08","02:00"," ","-25.9","","-29.9","","69","","32","","15","","","","99.22","","","","-36","","NA"
"2015-01-08 03:00","2015","01","08","03:00"," ","-26.6","","-31.0","","67","","31","","13","","","","99.25","","","","-36","","NA"
"2015-01-08 04:00","2015","01","08","04:00"," ","-27.2","","-31.2","","69","","28","","8","","","","99.26","","","","-35","","NA"
"2015-01-08 05:00","2015","01","08","05:00"," ","-27.6","","-31.9","","67","","30","","12","","","","99.26","","","","-37","","NA"
"2015-01-08 06:00","2015","01","08","06:00"," ","-27.6","","-31.9","","67","","29","","9","","","","99.32","","","","-36","","NA"
"2015-01-08 07:00","2015","01","08","07:00"," ","-28.4","","-32.8","","66","","30","","8","","","","99.38","","","","-36","","NA"
"2015-01-08 08:00","2015","01","08","08:00"," ","-30.0","","-33.1","","74","","","","0","","","","99.42","","","","","","NA"
"2015-01-08 09:00","2015","01","08","09:00"," ","-27.6","","-30.8","","74","","18","","4","","","","99.40","","","","-32","","NA"
"2015-01-08 10:00","2015","01","08","10:00"," ","-25.8","","-30.7","","63","","14","","7","","","","99.41","","","","-32","","NA"
"2015-01-08 11:00","2015","01","08","11:00"," ","-23.6","","-29.5","","58","","13","","4","","","","99.36","","","","-27","","NA"
"2015-01-08 12:00","2015","01","08","12:00"," ","-22.3","","-29.3","","53","","22","","13","","","","99.25","","","","-31","","NA"
"2015-01-08 13:00","2015","01","08","13:00"," ","-21.3","","-28.7","","51","","22","","10","","","","99.21","","","","-29","","NA"
"2015-01-08 14:00","2015","01","08","14:00"," ","-21.2","","-28.4","","52","","21","","10","","","","99.27","","","","-29","","NA"
"2015-01-08 15:00","2015","01","08","15:00"," ","-22.3","","-28.5","","57","","21","","10","","","","99.32","","","","-30","","NA"
"2015-01-08 16:00","2015","01","08","16:00"," ","-23.1","","-28.3","","63","","20","","7","","","","99.35","","","","-29","","NA"
"2015-01-08 17:00","2015","01","08","17:00"," ","-23.8","","-28.1","","68","","18","","8","","","","99.39","","","","-31","","NA"
"2015-01-08 18:00","2015","01","08","18:00"," ","-24.6","","-28.6","","70","","17","","6","","","","99.38","","","","-30","","NA"
"2015-01-08 19:00","2015","01","08","19:00"," ","-25.1","","-28.9","","70","","15","","10","","","","99.40","","","","-33","","NA"
"2015-01-08 20:00","2015","01","08","20:00"," ","-26.5","","-29.4","","77","","18","","7","","","","99.46","","","","-33","","NA"
"2015-01-08 21:00","2015","01","08","21:00"," ","-26.6","","-29.8","","74","","17","","6","","","","99.43","","","","-33","","NA"
"2015-01-08 22:00","2015","01","08","22:00"," ","-26.0","","-28.9","","76","","18","","6","","","","99.38","","","","-32","","NA"
"2015-01-08 23:00","2015","01","08","23:00"," ","-25.7","","-28.9","","74","","16","","14","","","","99.35","","","","-36","","NA"
"2015-01-09 00:00","2015","01","09","00:00"," ","-25.0","","-28.3","","74","","17","","11","","","","99.30","","","","-34","","NA"
"2015-01-09 01:00","2015","01","09","01:00"," ","-24.1","","-27.3","","75","","17","","10","","","","99.27","","","","-32","","NA"
"2015-01-09 02:00","2015","01","09","02:00"," ","-23.4","","-26.4","","76","","17","","12","","","","99.25","","","","-32","","NA"
"2015-01-09 03:00","2015","01","09","03:00"," ","-22.4","","-25.2","","78","","16","","11","","","","99.17","","","","-31","","NA"
"2015-01-09 04:00","2015","01","09","04:00"," ","-21.1","","-23.6","","80","","17","","8","","","","99.08","","","","-28","","NA"
"2015-01-09 05:00","2015","01","09","05:00"," ","-21.1","","-23.4","","81","","18","","4","","","","98.95","","","","-25","","NA"
"2015-01-09 06:00","2015","01","09","06:00"," ","-20.7","","-22.9","","82","","16","","1","","","","98.85","","","","-22","","NA"
"2015-01-09 07:00","2015","01","09","07:00"," ","-20.2","","-22.2","","83","","16","","4","","","","98.80","","","","-24","","NA"
"2015-01-09 08:00","2015","01","09","08:00"," ","-18.5","","-20.4","","85","","19","","3","","","","98.70","","","","-21","","NA"
"2015-01-09 09:00","2015","01","09","09:00"," ","-18.0","","-20.2","","82","","16","","8","","","","98.56","","","","-24","","NA"
"2015-01-09 10:00","2015","01","09","10:00"," ","-17.1","","-19.3","","83","","18","","5","","","","98.46","","","","-21","","NA"
"2015-01-09 11:00","2015","01","09","11:00"," ","-16.6","","-18.9","","83","","15","","7","","","","98.36","","","","-22","","NA"
"2015-01-09 12:00","2015","01","09","12:00"," ","-15.5","","-17.8","","82","","16","","8","","","","98.25","","","","-21","","NA"
"2015-01-09 13:00","2015","01","09","13:00"," ","-14.1","","-16.7","","81","","16","","10","","","","98.16","","","","-20","","NA"
"2015-01-09 14:00","2015","01","09","14:00"," ","-12.6","","-15.7","","78","","16","","8","","","","98.13","","","","-18","","NA"
"2015-01-09 15:00","2015","01","09","15:00"," ","-11.6","","-15.2","","75","","16","","7","","","","98.14","","","","-16","","NA"
"2015-01-09 16:00","2015","01","09","16:00"," ","-11.6","","-14.0","","82","","14","","5","","","","98.20","","","","-15","","NA"
"2015-01-09 17:00","2015","01","09","17:00"," ","-11.9","","-13.5","","88","","16","","2","","","","98.25","","","","-13","","NA"
"2015-01-09 18:00","2015","01","09","18:00"," ","-12.4","","-13.4","","92","","15","","4","","","","98.33","","","","-15","","NA"
"2015-01-09 19:00","2015","01","09","19:00"," ","-11.9","","-13.1","","91","","23","","3","","","","98.43","","","","-14","","NA"
"2015-01-09 20:00","2015","01","09","20:00"," ","-12.3","","-13.6","","90","","21","","4","","","","98.53","","","","-15","","NA"
"2015-01-09 21:00","2015","01","09","21:00"," ","-13.5","","-14.6","","92","","17","","1","","","","98.63","","","","-14","","NA"
"2015-01-09 22:00","2015","01","09","22:00"," ","-15.2","","-16.6","","89","","18","","3","","","","98.67","","","","-17","","NA"
"2015-01-09 23:00","2015","01","09","23:00"," ","-17.1","","-18.7","","87","","16","","5","","","","98.74","","","","-21","","NA"
"2015-01-10 00:00","2015","01","10","00:00"," ","-17.8","","-19.4","","87","","16","","6","","","","98.78","","","","-22","","NA"
"2015-01-10 01:00","2015","01","10","01:00"," ","-18.1","","-19.8","","87","","15","","9","","","","98.83","","","","-24","","NA"
"2015-01-10 02:00","2015","01","10","02:00"," ","-18.8","","-20.5","","86","","15","","8","","","","98.91","","","","-25","","NA"
"2015-01-10 03:00","2015","01","10","03:00"," ","-13.7","","-14.8","","91","","23","","5","","","","98.96","","","","-17","","NA"
"2015-01-10 04:00","2015","01","10","04:00"," ","-13.3","","-15.2","","86","","31","","12","","","","99.05","","","","-20","","NA"
"2015-01-10 05:00","2015","01","10","05:00"," ","-14.5","","-17.0","","82","","31","","11","","","","99.16","","","","-21","","NA"
"2015-01-10 06:00","2015","01","10","06:00"," ","-15.9","","-19.7","","72","","29","","15","","","","99.35","","","","-24","","NA"
"2015-01-10 07:00","2015","01","10","07:00"," ","-16.8","","-21.4","","67","","29","","19","","","","99.49","","","","-26","","NA"
"2015-01-10 08:00","2015","01","10","08:00"," ","-17.9","","-22.0","","70","","28","","8","","","","99.59","","","","-24","","NA"
"2015-01-10 09:00","2015","01","10","09:00"," ","-17.6","","-23.6","","59","","28","","9","","","","99.67","","","","-24","","NA"
"2015-01-10 10:00","2015","01","10","10:00"," ","-16.1","","-23.1","","55","","23","","6","","","","99.68","","","","-21","","NA"
"2015-01-10 11:00","2015","01","10","11:00"," ","-15.7","","-22.3","","57","","22","","12","","","","99.63","","","","-23","","NA"
"2015-01-10 12:00","2015","01","10","12:00"," ","-15.3","","-21.4","","59","","22","","12","","","","99.55","","","","-22","","NA"
"2015-01-10 13:00","2015","01","10","13:00"," ","-14.9","","-19.1","","70","","22","","6","","","","99.52","","","","-19","","NA"
"2015-01-10 14:00","2015","01","10","14:00"," ","-14.5","","-18.2","","74","","28","","11","","","","99.54","","","","-21","","NA"
"2015-01-10 15:00","2015","01","10","15:00"," ","-15.3","","-18.6","","76","","33","","10","","","","99.63","","","","-22","","NA"
"2015-01-10 16:00","2015","01","10","16:00"," ","-15.4","","-19.2","","72","","31","","19","","","","99.72","","","","-24","","NA"
"2015-01-10 17:00","2015","01","10","17:00"," ","-15.8","","-19.9","","71","","28","","10","","","","99.82","","","","-22","","NA"
"2015-01-10 18:00","2015","01","10","18:00"," ","-16.5","","-19.8","","75","","27","","4","","","","99.89","","","","-20","","NA"
"2015-01-10 19:00","2015","01","10","19:00"," ","-17.6","","-19.7","","84","","32","","4","","","","99.96","","","","-21","","NA"
"2015-01-10 20:00","2015","01","10","20:00"," ","-18.5","","-20.3","","86","","35","","4","","","","100.03","","","","-22","","NA"
"2015-01-10 21:00","2015","01","10","21:00"," ","-18.4","","-20.5","","83","","11","","2","","","","100.09","","","","-20","","NA"
"2015-01-10 22:00","2015","01","10","22:00"," ","-18.7","","-20.9","","83","","","","0","","","","100.12","","","","","","NA"
"2015-01-10 23:00","2015","01","10","23:00"," ","-19.0","","-21.0","","84","","","","0","","","","100.13","","","","","","NA"
"2015-01-11 00:00","2015","01","11","00:00"," ","-19.1","","-21.2","","83","","15","","3","","","","100.12","","","","-22","","NA"
"2015-01-11 01:00","2015","01","11","01:00"," ","-19.2","","-21.3","","83","","17","","6","","","","100.14","","","","-24","","NA"
"2015-01-11 02:00","2015","01","11","02:00"," ","-19.4","","-21.5","","84","","17","","6","","","","100.16","","","","-24","","NA"
"2015-01-11 03:00","2015","01","11","03:00"," ","-19.5","","-21.6","","83","","17","","5","","","","100.18","","","","-24","","NA"
"2015-01-11 04:00","2015","01","11","04:00"," ","-19.1","","-21.1","","84","","18","","6","","","","100.21","","","","-24","","NA"
"2015-01-11 05:00","2015","01","11","05:00"," ","-20.1","","-22.2","","84","","18","","5","","","","100.26","","","","-24","","NA"
"2015-01-11 06:00","2015","01","11","06:00"," ","-20.7","","-22.8","","83","","12","","6","","","","100.36","","","","-26","","NA"
"2015-01-11 07:00","2015","01","11","07:00"," ","-21.8","","-23.8","","83","","16","","3","","","","100.44","","","","-25","","NA"
"2015-01-11 08:00","2015","01","11","08:00"," ","-20.4","","-22.5","","83","","16","","5","","","","100.54","","","","-25","","NA"
"2015-01-11 09:00","2015","01","11","09:00"," ","-19.3","","-21.6","","82","","14","","4","","","","100.64","","","","-23","","NA"
"2015-01-11 10:00","2015","01","11","10:00"," ","-17.0","","-19.7","","80","","20","","2","","","","100.69","","","","-19","","NA"
"2015-01-11 11:00","2015","01","11","11:00"," ","-14.1","","-16.4","","82","","33","","3","","","","100.64","","","","-16","","NA"
"2015-01-11 12:00","2015","01","11","12:00"," ","-11.9","","-15.9","","73","","27","","12","","","","100.61","","","","-18","","NA"
"2015-01-11 13:00","2015","01","11","13:00"," ","-11.5","","-14.8","","76","","22","","9","","","","100.64","","","","-17","","NA"
"2015-01-11 14:00","2015","01","11","14:00"," ","-11.4","","-14.9","","75","","20","","6","","","","100.66","","","","-15","","NA"
"2015-01-11 15:00","2015","01","11","15:00"," ","-11.2","","-15.0","","74","","17","","6","","","","100.65","","","","-15","","NA"
"2015-01-11 16:00","2015","01","11","16:00"," ","-13.1","","-15.8","","80","","17","","5","","","","100.66","","","","-16","","NA"
"2015-01-11 17:00","2015","01","11","17:00"," ","-14.7","","-16.7","","85","","17","","7","","","","100.63","","","","-19","","NA"
"2015-01-11 18:00","2015","01","11","18:00"," ","-14.9","","-16.7","","86","","15","","8","","","","100.65","","","","-20","","NA"
"2015-01-11 19:00","2015","01","11","19:00"," ","-13.9","","-15.8","","86","","15","","8","","","","100.63","","","","-19","","NA"
"2015-01-11 20:00","2015","01","11","20:00"," ","-12.9","","-15.3","","82","","15","","9","","","","100.63","","","","-18","","NA"
"2015-01-11 21:00","2015","01","11","21:00"," ","-12.7","","-15.1","","82","","15","","10","","","","100.57","","","","-18","","NA"
"2015-01-11 22:00","2015","01","11","22:00"," ","-12.9","","-15.1","","83","","23","","1","","","","100.53","","","","-14","","NA"
"2015-01-11 23:00","2015","01","11","23:00"," ","-12.4","","-14.7","","83","","16","","9","","","","100.50","","","","-18","","NA"
"2015-01-12 00:00","2015","01","12","00:00"," ","-11.5","","-14.0","","81","","16","","10","","","","100.42","","","","-17","","NA"
"2015-01-12 01:00","2015","01","12","01:00"," ","-11.2","","-13.7","","82","","15","","10","","","","100.44","","","","-17","","NA"
"2015-01-12 02:00","2015","01","12","02:00"," ","-11.3","","-13.7","","83","","17","","7","","","","100.48","","","","-16","","NA"
"2015-01-12 03:00","2015","01","12","03:00"," ","-11.2","","-13.4","","84","","15","","8","","","","100.41","","","","-16","","NA"
"2015-01-12 04:00","2015","01","12","04:00"," ","-11.5","","-13.4","","86","","14","","9","","","","100.36","","","","-17","","NA"
"2015-01-12 05:00","2015","01","12","05:00"," ","-11.7","","-13.3","","88","","16","","7","","","","100.30","","","","-16","","NA"
"2015-01-12 06:00","2015","01","12","06:00"," ","-11.3","","-12.7","","89","","17","","4","","","","100.25","","","","-14","","NA"
"2015-01-12 07:00","2015","01","12","07:00"," ","-11.0","","-12.4","","90","","17","","6","","","","100.22","","","","-15","","NA"
"2015-01-12 08:00","2015","01","12","08:00"," ","-10.6","","-12.0","","89","","16","","4","","","","100.16","","","","-13","","NA"
"2015-01-12 09:00","2015","01","12","09:00"," ","-10.0","","-11.5","","89","","16","","6","","","","100.12","","","","-14","","NA"
"2015-01-12 10:00","2015","01","12","10:00"," ","-9.3","","-11.2","","86","","15","","7","","","","100.06","","","","-13","","NA"
"2015-01-12 11:00","2015","01","12","11:00"," ","-8.6","","-10.4","","87","","15","","5","","","","99.92","","","","-11","","NA"
"2015-01-12 12:00","2015","01","12","12:00"," ","-7.8","","-9.9","","85","","14","","7","","","","99.78","","","","-11","","NA"
"2015-01-12 13:00","2015","01","12","13:00"," ","-7.2","","-9.2","","85","","15","","5","","","","99.69","","","","-10","","NA"
"2015-01-12 14:00","2015","01","12","14:00"," ","-7.1","","-8.7","","88","","17","","4","","","","99.66","","","","-9","","NA"
"2015-01-12 15:00","2015","01","12","15:00"," ","-7.1","","-8.4","","90","","0","","1","","","","99.64","","","","-8","","NA"
"2015-01-12 16:00","2015","01","12","16:00"," ","-7.4","","-8.4","","93","","0","","1","","","","99.64","","","","-8","","NA"
"2015-01-12 17:00","2015","01","12","17:00"," ","-7.6","","-8.4","","94","","34","","2","","","","99.64","","","","-9","","NA"
"2015-01-12 18:00","2015","01","12","18:00"," ","-7.4","","-8.4","","93","","33","","13","","","","99.67","","","","-13","","NA"
"2015-01-12 19:00","2015","01","12","19:00"," ","-8.7","","-10.5","","86","","33","","14","","","","99.74","","","","-15","","NA"
"2015-01-12 20:00","2015","01","12","20:00"," ","-9.5","","-11.5","","85","","32","","25","","","","99.84","","","","-18","","NA"
"2015-01-12 21:00","2015","01","12","21:00"," ","-11.8","","-15.4","","75","","32","","23","","","","100.00","","","","-21","","NA"
"2015-01-12 22:00","2015","01","12","22:00"," ","-13.1","","-16.2","","78","","32","","27","","","","100.13","","","","-23","","NA"
"2015-01-12 23:00","2015","01","12","23:00"," ","-14.7","","-17.8","","77","","31","","23","","","","100.26","","","","-24","","NA"
"2015-01-13 00:00","2015","01","13","00:00"," ","-15.5","","-18.1","","80","","33","","22","","","","100.33","","","","-25","","NA"
"2015-01-13 01:00","2015","01","13","01:00"," ","-17.6","","-21.9","","69","","31","","20","","","","100.46","","","","-27","","NA"
"2015-01-13 02:00","2015","01","13","02:00"," ","-18.6","","-21.7","","77","","32","","24","","","","100.53","","","","-30","","NA"
"2015-01-13 03:00","2015","01","13","03:00"," ","-19.3","","-22.3","","77","","31","","19","","","","100.66","","","","-29","","NA"
"2015-01-13 04:00","2015","01","13","04:00"," ","-20.0","","-23.2","","75","","32","","18","","","","100.73","","","","-30","","NA"
"2015-01-13 05:00","2015","01","13","05:00"," ","-20.8","","-24.2","","74","","32","","17","","","","100.84","","","","-31","","NA"
"2015-01-13 06:00","2015","01","13","06:00"," ","-21.6","","-24.9","","74","","32","","15","","","","100.94","","","","-31","","NA"
"2015-01-13 07:00","2015","01","13","07:00"," ","-22.0","","-25.4","","74","","32","","8","","","","101.04","","","","-29","","NA"
"2015-01-13 08:00","2015","01","13","08:00"," ","-22.6","","-25.5","","77","","36","","9","","","","101.12","","","","-30","","NA"
"2015-01-13 09:00","2015","01","13","09:00"," ","-21.9","","-26.0","","70","","33","","7","","","","101.25","","","","-28","","NA"
"2015-01-13 10:00","2015","01","13","10:00"," ","-20.8","","-24.8","","70","","31","","16","","","","101.31","","","","-30","","NA"
"2015-01-13 11:00","2015","01","13","11:00"," ","-20.6","","-25.8","","63","","32","","16","","","","101.31","","","","-30","","NA"
"2015-01-13 12:00","2015","01","13","12:00"," ","-19.7","","-24.2","","67","","33","","11","","","","101.27","","","","-27","","NA"
"2015-01-13 13:00","2015","01","13","13:00"," ","-19.0","","-24.3","","63","","30","","14","","","","101.25","","","","-28","","NA"
"2015-01-13 14:00","2015","01","13","14:00"," ","-18.3","","-24.1","","61","","32","","5","","","","101.23","","","","-22","","NA"
"2015-01-13 15:00","2015","01","13","15:00"," ","-17.9","","-23.6","","61","","35","","4","","","","101.20","","","","-21","","NA"
"2015-01-13 16:00","2015","01","13","16:00"," ","-20.1","","-24.1","","71","","0","","1","","","","101.19","","","","-21","","NA"
"2015-01-13 17:00","2015","01","13","17:00"," ","-22.6","","-25.0","","81","","","","0","","","","101.20","","","","","","NA"
"2015-01-13 18:00","2015","01","13","18:00"," ","-23.3","","-25.5","","82","","18","","1","","","","101.15","","","","-24","","NA"
"2015-01-13 19:00","2015","01","13","19:00"," ","-23.3","","-25.6","","81","","17","","4","","","","101.13","","","","-27","","NA"
"2015-01-13 20:00","2015","01","13","20:00"," ","-23.8","","-26.2","","81","","17","","4","","","","101.11","","","","-28","","NA"
"2015-01-13 21:00","2015","01","13","21:00"," ","-24.3","","-26.8","","80","","17","","5","","","","101.11","","","","-29","","NA"
"2015-01-13 22:00","2015","01","13","22:00"," ","-24.8","","-27.4","","79","","17","","5","","","","101.09","","","","-30","","NA"
"2015-01-13 23:00","2015","01","13","23:00"," ","-25.7","","-28.3","","79","","17","","6","","","","101.04","","","","-32","","NA"
"2015-01-14 00:00","2015","01","14","00:00"," ","-26.6","","-29.3","","78","","18","","5","","","","100.99","","","","-32","","NA"
"2015-01-14 01:00","2015","01","14","01:00"," ","-27.0","","-29.8","","77","","18","","4","","","","100.97","","","","-31","","NA"
"2015-01-14 02:00","2015","01","14","02:00"," ","-28.0","","-30.9","","76","","15","","5","","","","100.98","","","","-33","","NA"
"2015-01-14 03:00","2015","01","14","03:00"," ","-28.3","","-31.2","","76","","14","","4","","","","100.95","","","","-33","","NA"
"2015-01-14 04:00","2015","01","14","04:00"," ","-28.6","","-31.5","","76","","15","","5","","","","100.89","","","","-34","","NA"
"2015-01-14 05:00","2015","01","14","05:00"," ","-27.9","","-30.8","","76","","17","","6","","","","100.83","","","","-34","","NA"
"2015-01-14 06:00","2015","01","14","06:00"," ","-28.8","","-31.7","","76","","17","","5","","","","100.82","","","","-34","","NA"
"2015-01-14 07:00","2015","01","14","07:00"," ","-25.4","","-28.0","","79","","17","","6","","","","100.81","","","","-31","","NA"
"2015-01-14 08:00","2015","01","14","08:00"," ","-25.3","","-27.9","","79","","17","","6","","","","100.80","","","","-31","","NA"
"2015-01-14 09:00","2015","01","14","09:00"," ","-23.2","","-25.6","","81","","16","","10","","","","100.76","","","","-31","","NA"
"2015-01-14 10:00","2015","01","14","10:00"," ","-20.6","","-22.9","","82","","16","","9","","","","100.72","","","","-27","","NA"
"2015-01-14 11:00","2015","01","14","11:00"," ","-17.2","","-22.9","","62","","16","","6","","","","100.58","","","","-22","","NA"
"2015-01-14 12:00","2015","01","14","12:00"," ","-14.9","","-20.8","","60","","16","","9","","","","100.46","","","","-21","","NA"
"2015-01-14 13:00","2015","01","14","13:00"," ","-12.8","","-19.5","","57","","16","","9","","","","100.34","","","","-18","","NA"
"2015-01-14 14:00","2015","01","14","14:00"," ","-11.5","","-18.2","","58","","15","","11","","","","100.28","","","","-17","","NA"
"2015-01-14 15:00","2015","01","14","15:00"," ","-11.0","","-17.6","","58","","15","","12","","","","100.27","","","","-17","","NA"
"2015-01-14 16:00","2015","01","14","16:00"," ","-12.8","","-18.3","","64","","16","","7","","","","100.26","","","","-17","","NA"
"2015-01-14 17:00","2015","01","14","17:00"," ","-14.1","","-18.9","","67","","17","","6","","","","100.23","","","","-18","","NA"
"2015-01-14 18:00","2015","01","14","18:00"," ","-14.5","","-19.1","","68","","18","","7","","","","100.20","","","","-19","","NA"
"2015-01-14 19:00","2015","01","14","19:00"," ","-15.3","","-19.5","","70","","19","","8","","","","100.21","","","","-21","","NA"
"2015-01-14 20:00","2015","01","14","20:00"," ","-15.4","","-19.6","","71","","17","","9","","","","100.15","","","","-21","","NA"
"2015-01-14 21:00","2015","01","14","21:00"," ","-15.3","","-19.9","","68","","17","","13","","","","100.11","","","","-23","","NA"
"2015-01-14 22:00","2015","01","14","22:00"," ","-15.5","","-19.7","","70","","17","","8","","","","100.08","","","","-21","","NA"
"2015-01-14 23:00","2015","01","14","23:00"," ","-16.5","","-20.2","","73","","17","","7","","","","100.07","","","","-22","","NA"
"2015-01-15 00:00","2015","01","15","00:00"," ","-18.9","","-21.5","","80","","16","","5","","","","100.11","","","","-23","","NA"
"2015-01-15 01:00","2015","01","15","01:00"," ","-20.4","","-22.5","","84","","16","","2","","","","100.12","","","","-22","","NA"
"2015-01-15 02:00","2015","01","15","02:00"," ","-21.3","","-23.3","","84","","16","","4","","","","100.12","","","","-25","","NA"
"2015-01-15 03:00","2015","01","15","03:00"," ","-22.7","","-25.0","","82","","15","","4","","","","100.11","","","","-26","","NA"
"2015-01-15 04:00","2015","01","15","04:00"," ","-23.5","","-25.8","","81","","18","","4","","","","100.07","","","","-27","","NA"
"2015-01-15 05:00","2015","01","15","05:00"," ","-24.3","","-26.8","","80","","16","","4","","","","100.04","","","","-28","","NA"
"2015-01-15 06:00","2015","01","15","06:00"," ","-25.1","","-27.6","","80","","16","","5","","","","100.07","","","","-30","","NA"
"2015-01-15 07:00","2015","01","15","07:00"," ","-25.4","","-28.0","","79","","18","","3","","","","100.08","","","","-28","","NA"
"2015-01-15 08:00","2015","01","15","08:00"," ","-25.4","","-28.0","","79","","17","","5","","","","100.09","","","","-30","","NA"
"2015-01-15 09:00","2015","01","15","09:00"," ","-22.4","","-24.7","","82","","14","","4","","","","99.99","","","","-26","","NA"
"2015-01-15 10:00","2015","01","15","10:00"," ","-19.8","","-22.0","","83","","17","","4","","","","99.86","","","","-23","","NA"
"2015-01-15 11:00","2015","01","15","11:00"," ","-16.7","","-21.8","","64","","19","","4","","","","99.75","","","","-20","","NA"
"2015-01-15 12:00","2015","01","15","12:00"," ","-13.4","","-19.9","","58","","21","","3","","","","99.57","","","","-15","","NA"
"2015-01-15 13:00","2015","01","15","13:00"," ","-10.6","","-17.9","","55","","15","","3","","","","99.41","","","","-12","","NA"
"2015-01-15 14:00","2015","01","15","14:00"," ","-9.2","","-16.4","","56","","17","","4","","","","99.32","","","","-11","","NA"
"2015-01-15 15:00","2015","01","15","15:00"," ","-9.0","","-14.7","","63","","17","","6","","","","99.23","","","","-12","","NA"
"2015-01-15 16:00","2015","01","15","16:00"," ","-8.9","","-14.3","","65","","14","","9","","","","99.15","","","","-14","","NA"
"2015-01-15 17:00","2015","01","15","17:00"," ","-10.0","","-14.5","","70","","19","","5","","","","99.10","","","","-13","","NA"
"2015-01-15 18:00","2015","01","15","18:00"," ","-11.2","","-14.9","","74","","18","","3","","","","99.05","","","","-13","","NA"
"2015-01-15 19:00","2015","01","15","19:00"," ","-11.0","","-15.0","","73","","16","","7","","","","98.94","","","","-15","","NA"
"2015-01-15 20:00","2015","01","15","20:00"," ","-11.7","","-15.2","","75","","16","","6","","","","98.82","","","","-15","","NA"
"2015-01-15 21:00","2015","01","15","21:00"," ","-12.0","","-15.8","","73","","16","","7","","","","98.66","","","","-16","","NA"
"2015-01-15 22:00","2015","01","15","22:00"," ","-11.8","","-15.6","","73","","16","","8","","","","98.58","","","","-17","","NA"
"2015-01-15 23:00","2015","01","15","23:00"," ","-10.9","","-15.3","","70","","17","","9","","","","98.44","","","","-16","","NA"
"2015-01-16 00:00","2015","01","16","00:00"," ","-10.4","","-15.1","","69","","16","","8","","","","98.33","","","","-15","","NA"
"2015-01-16 01:00","2015","01","16","01:00"," ","-10.2","","-12.7","","82","","16","","11","","","","98.19","","","","-16","","NA"
"2015-01-16 02:00","2015","01","16","02:00"," ","-10.1","","-11.6","","89","","15","","12","","","","98.08","","","","-16","","NA"
"2015-01-16 03:00","2015","01","16","03:00"," ","-9.7","","-11.5","","87","","14","","10","","","","97.96","","","","-15","","NA"
"2015-01-16 04:00","2015","01","16","04:00"," ","-9.5","","-11.4","","86","","17","","5","","","","97.84","","","","-12","","NA"
"2015-01-16 05:00","2015","01","16","05:00"," ","-9.3","","-11.4","","85","","18","","7","","","","97.75","","","","-13","","NA"
"2015-01-16 06:00","2015","01","16","06:00"," ","-9.1","","-10.2","","92","","15","","12","","","","97.64","","","","-15","","NA"
"2015-01-16 07:00","2015","01","16","07:00"," ","-9.0","","-10.0","","93","","17","","5","","","","97.58","","","","-12","","NA"
"2015-01-16 08:00","2015","01","16","08:00"," ","-8.7","","-9.6","","93","","16","","6","","","","97.55","","","","-12","","NA"
"2015-01-16 09:00","2015","01","16","09:00"," ","-8.4","","-9.9","","89","","14","","3","","","","97.52","","","","-10","","NA"
"2015-01-16 10:00","2015","01","16","10:00"," ","-7.1","","-9.4","","84","","14","","7","","","","97.47","","","","-11","","NA"
"2015-01-16 11:00","2015","01","16","11:00"," ","-5.8","","-8.9","","78","","23","","9","","","","97.40","","","","-10","","NA"
"2015-01-16 12:00","2015","01","16","12:00"," ","-5.6","","-10.2","","70","","27","","16","","","","97.33","","","","-12","","NA"
"2015-01-16 13:00","2015","01","16","13:00"," ","-6.8","","-9.0","","84","","32","","16","","","","97.33","","","","-13","","NA"
"2015-01-16 14:00","2015","01","16","14:00"," ","-7.6","","-11.5","","73","","29","","19","","","","97.42","","","","-15","","NA"
"2015-01-16 15:00","2015","01","16","15:00"," ","-9.8","","-14.2","","70","","28","","18","","","","97.60","","","","-17","","NA"
"2015-01-16 16:00","2015","01","16","16:00"," ","-12.4","","-15.1","","80","","31","","24","","","","97.78","","","","-22","","NA"
"2015-01-16 17:00","2015","01","16","17:00"," ","-15.2","","-18.9","","74","","31","","23","","","","97.99","","","","-25","","NA"
"2015-01-16 18:00","2015","01","16","18:00"," ","-16.6","","-20.1","","74","","32","","22","","","","98.10","","","","-27","","NA"
"2015-01-16 19:00","2015","01","16","19:00"," ","-17.4","","-20.2","","79","","31","","23","","","","98.21","","","","-28","","NA"
"2015-01-16 20:00","2015","01","16","20:00"," ","-18.3","","-21.1","","79","","31","","29","","","","98.28","","","","-30","","NA"
"2015-01-16 21:00","2015","01","16","21:00"," ","-19.2","","-21.8","","80","","31","","29","","","","98.38","","","","-31","","NA"
"2015-01-16 22:00","2015","01","16","22:00"," ","-20.0","","-22.6","","79","","30","","25","","","","98.43","","","","-32","","NA"
"2015-01-16 23:00","2015","01","16","23:00"," ","-20.3","","-22.8","","80","","30","","29","","","","98.47","","","","-33","","NA"
"2015-01-17 00:00","2015","01","17","00:00"," ","-20.6","","-23.2","","80","","30","","24","","","","98.53","","","","-32","","NA"
"2015-01-17 01:00","2015","01","17","01:00"," ","-20.7","","-23.3","","80","","30","","24","","","","98.62","","","","-32","","NA"
"2015-01-17 02:00","2015","01","17","02:00"," ","-20.7","","-23.3","","79","","31","","21","","","","98.71","","","","-32","","NA"
"2015-01-17 03:00","2015","01","17","03:00"," ","-21.0","","-23.6","","80","","32","","28","","","","98.78","","","","-34","","NA"
"2015-01-17 04:00","2015","01","17","04:00"," ","-21.2","","-24.0","","79","","32","","32","","","","98.92","","","","-34","","NA"
"2015-01-17 05:00","2015","01","17","05:00"," ","-21.4","","-24.2","","78","","31","","22","","","","99.08","","","","-33","","NA"
"2015-01-17 06:00","2015","01","17","06:00"," ","-21.5","","-24.4","","77","","31","","24","","","","99.24","","","","-33","","NA"
"2015-01-17 07:00","2015","01","17","07:00"," ","-21.5","","-24.5","","77","","30","","26","","","","99.39","","","","-34","","NA"
"2015-01-17 08:00","2015","01","17","08:00"," ","-21.5","","-24.4","","78","","32","","27","","","","99.51","","","","-34","","NA"
"2015-01-17 09:00","2015","01","17","09:00"," ","-21.6","","-24.6","","77","","31","","23","","","","99.67","","","","-33","","NA"
"2015-01-17 10:00","2015","01","17","10:00"," ","-21.1","","-24.6","","73","","31","","18","","","","99.78","","","","-31","","NA"
"2015-01-17 11:00","2015","01","17","11:00"," ","-20.4","","-24.2","","72","","30","","18","","","","99.79","","","","-30","","NA"
"2015-01-17 12:00","2015","01","17","12:00"," ","-20.2","","-24.1","","71","","31","","20","","","","99.83","","","","-31","","NA"
"2015-01-17 13:00","2015","01","17","13:00"," ","-20.1","","-24.6","","67","","32","","25","","","","99.86","","","","-32","","NA"
"2015-01-17 14:00","2015","01","17","14:00"," ","-19.6","","-24.8","","64","","30","","25","","","","99.93","","","","-31","","NA"
"2015-01-17 15:00","2015","01","17","15:00"," ","-19.5","","-24.2","","66","","32","","15","","","","100.00","","","","-28","","NA"
"2015-01-17 16:00","2015","01","17","16:00"," ","-19.8","","-24.0","","69","","31","","11","","","","100.12","","","","-27","","NA"
"2015-01-17 17:00","2015","01","17","17:00"," ","-20.9","","-24.5","","73","","11","","3","","","","100.20","","","","-24","","NA"
"2015-01-17 18:00","2015","01","17","18:00"," ","-23.0","","-25.5","","80","","0","","1","","","","100.23","","","","-24","","NA"
"2015-01-17 19:00","2015","01","17","19:00"," ","-24.0","","-26.3","","81","","","","0","","","","100.21","","","","","","NA"
"2015-01-17 20:00","2015","01","17","20:00"," ","-23.7","","-26.1","","81","","20","","3","","","","100.23","","","","-27","","NA"
"2015-01-17 21:00","2015","01","17","21:00"," ","-22.8","","-25.2","","81","","17","","6","","","","100.31","","","","-28","","NA"
"2015-01-17 22:00","2015","01","17","22:00"," ","-21.9","","-24.7","","78","","15","","9","","","","100.20","","","","-29","","NA"
"2015-01-17 23:00","2015","01","17","23:00"," ","-21.2","","-24.4","","75","","16","","7","","","","100.07","","","","-27","","NA"
"2015-01-18 00:00","2015","01","18","00:00"," ","-21.4","","-24.5","","76","","17","","7","","","","100.02","","","","-27","","NA"
"2015-01-18 01:00","2015","01","18","01:00"," ","-20.9","","-24.2","","75","","16","","9","","","","99.98","","","","-28","","NA"
"2015-01-18 02:00","2015","01","18","02:00"," ","-20.1","","-23.7","","73","","16","","12","","","","99.89","","","","-28","","NA"
"2015-01-18 03:00","2015","01","18","03:00"," ","-19.4","","-22.7","","76","","16","","13","","","","99.82","","","","-28","","NA"
"2015-01-18 04:00","2015","01","18","04:00"," ","-18.8","","-21.2","","82","","16","","16","","","","99.67","","","","-28","","NA"
"2015-01-18 05:00","2015","01","18","05:00"," ","-17.3","","-21.5","","70","","16","","22","","","","99.54","","","","-28","","NA"
"2015-01-18 06:00","2015","01","18","06:00"," ","-16.1","","-21.1","","65","","16","","16","","","","99.49","","","","-25","","NA"
"2015-01-18 07:00","2015","01","18","07:00"," ","-15.5","","-20.3","","67","","16","","22","","","","99.44","","","","-25","","NA"
"2015-01-18 08:00","2015","01","18","08:00"," ","-14.5","","-18.6","","71","","15","","24","","","","99.40","","","","-24","","NA"
"2015-01-18 09:00","2015","01","18","09:00"," ","-13.0","","-16.6","","74","","15","","23","","","","99.36","","","","-22","","NA"
"2015-01-18 10:00","2015","01","18","10:00"," ","-11.2","","-14.3","","78","","15","","21","","","","99.31","","","","-20","","NA"
"2015-01-18 11:00","2015","01","18","11:00"," ","-9.0","","-12.1","","78","","15","","19","","","","99.26","","","","-16","","NA"
"2015-01-18 12:00","2015","01","18","12:00"," ","-6.6","","-9.7","","79","","15","","22","","","","99.15","","","","-14","","NA"
"2015-01-18 13:00","2015","01","18","13:00"," ","-5.2","","-8.3","","79","","15","","14","","","","99.13","","","","-11","","NA"
"2015-01-18 14:00","2015","01","18","14:00"," ","-5.0","","-7.8","","80","","14","","15","","","","99.14","","","","-11","","NA"
"2015-01-18 15:00","2015","01","18","15:00"," ","-4.4","","-6.9","","83","","15","","16","","","","99.15","","","","-10","","NA"
"2015-01-18 16:00","2015","01","18","16:00"," ","-3.5","","-5.6","","86","","14","","14","","","","99.25","","","","-9","","NA"
"2015-01-18 17:00","2015","01","18","17:00"," ","-4.0","","-5.6","","89","","15","","8","","","","99.20","","","","-7","","NA"
"2015-01-18 18:00","2015","01","18","18:00"," ","-3.2","","-4.6","","90","","16","","9","","","","99.25","","","","-7","","NA"
"2015-01-18 19:00","2015","01","18","19:00"," ","-2.7","","-3.8","","92","","17","","5","","","","99.21","","","","-5","","NA"
"2015-01-18 20:00","2015","01","18","20:00"," ","-0.8","","-1.4","","96","","14","","7","","","","99.16","","","","-3","","NA"
"2015-01-18 21:00","2015","01","18","21:00"," ","-0.2","","-1.2","","93","","13","","11","","","","99.11","","","","-4","","NA"
"2015-01-18 22:00","2015","01","18","22:00"," ","0.3","","-0.4","","95","","15","","9","","","","99.10","","","","","","NA"
"2015-01-18 23:00","2015","01","18","23:00"," ","0.4","","-0.1","","97","","16","","6","","","","99.04","","","","","","NA"
"2015-01-19 00:00","2015","01","19","00:00"," ","0.8","","0.5","","98","","16","","9","","","","98.94","","","","","","NA"
"2015-01-19 01:00","2015","01","19","01:00"," ","1.1","","0.6","","97","","17","","11","","","","98.88","","","","","","NA"
"2015-01-19 02:00","2015","01","19","02:00"," ","1.4","","0.8","","96","","16","","15","","","","98.75","","","","","","NA"
"2015-01-19 03:00","2015","01","19","03:00"," ","2.0","","1.3","","95","","16","","13","","","","98.62","","","","","","NA"
"2015-01-19 04:00","2015","01","19","04:00"," ","2.4","","1.6","","95","","16","","10","","","","98.43","","","","","","NA"
"2015-01-19 05:00","2015","01","19","05:00"," ","2.7","","1.7","","93","","14","","22","","","","98.21","","","","","","NA"
"2015-01-19 06:00","2015","01","19","06:00"," ","3.3","","2.1","","92","","14","","27","","","","97.94","","","","","","NA"
"2015-01-19 07:00","2015","01","19","07:00"," ","3.7","","2.6","","93","","14","","22","","","","97.79","","","","","","NA"
"2015-01-19 08:00","2015","01","19","08:00"," ","3.9","","2.8","","93","","15","","20","","","","97.69","","","","","","NA"
"2015-01-19 09:00","2015","01","19","09:00"," ","4.3","","3.1","","92","","15","","21","","","","97.62","","","","","","NA"
"2015-01-19 10:00","2015","01","19","10:00"," ","4.4","","2.9","","90","","15","","21","","","","97.57","","","","","","NA"
"2015-01-19 11:00","2015","01","19","11:00"," ","4.4","","3.1","","91","","16","","16","","","","97.50","","","","","","NA"
"2015-01-19 12:00","2015","01","19","12:00"," ","4.3","","3.2","","92","","16","","14","","","","97.38","","","","","","NA"
"2015-01-19 13:00","2015","01","19","13:00"," ","4.2","","3.1","","92","","16","","10","","","","97.26","","","","","","NA"
"2015-01-19 14:00","2015","01","19","14:00"," ","4.2","","3.4","","94","","16","","14","","","","97.24","","","","","","NA"
"2015-01-19 15:00","2015","01","19","15:00"," ","4.2","","3.6","","96","","15","","13","","","","97.22","","","","","","NA"
"2015-01-19 16:00","2015","01","19","16:00"," ","4.1","","3.3","","95","","13","","11","","","","97.24","","","","","","NA"
"2015-01-19 17:00","2015","01","19","17:00"," ","3.2","","2.5","","95","","22","","7","","","","97.29","","","","","","NA"
"2015-01-19 18:00","2015","01","19","18:00"," ","2.2","","1.2","","94","","15","","6","","","","97.29","","","","","","NA"
"2015-01-19 19:00","2015","01","19","19:00"," ","1.5","","0.9","","96","","35","","3","","","","97.27","","","","","","NA"
"2015-01-19 20:00","2015","01","19","20:00"," ","1.0","","0.5","","97","","29","","2","","","","97.18","","","","","","NA"
"2015-01-19 21:00","2015","01","19","21:00"," ","0.6","","-1.4","","87","","36","","7","","","","97.15","","","","","","NA"
"2015-01-19 22:00","2015","01","19","22:00"," ","-0.1","","-2.9","","82","","29","","6","","","","97.17","","","","-2","","NA"
"2015-01-19 23:00","2015","01","19","23:00"," ","-1.8","","-4.0","","85","","31","","18","","","","97.14","","","","-7","","NA"
"2015-01-20 00:00","2015","01","20","00:00"," ","-3.3","","-5.9","","83","","27","","12","","","","97.16","","","","-8","","NA"
"2015-01-20 01:00","2015","01","20","01:00"," ","-4.6","","-7.3","","81","","27","","11","","","","97.16","","","","-9","","NA"
"2015-01-20 02:00","2015","01","20","02:00"," ","-6.0","","-9.3","","77","","25","","14","","","","97.21","","","","-12","","NA"
"2015-01-20 03:00","2015","01","20","03:00"," ","-7.4","","-11.0","","75","","27","","13","","","","97.23","","","","-13","","NA"
"2015-01-20 04:00","2015","01","20","04:00"," ","-8.8","","-12.7","","73","","28","","21","","","","97.24","","","","-17","","NA"
"2015-01-20 05:00","2015","01","20","05:00"," ","-10.0","","-13.9","","73","","28","","19","","","","97.27","","","","-18","","NA"
"2015-01-20 06:00","2015","01","20","06:00"," ","-11.3","","-15.5","","71","","27","","22","","","","97.33","","","","-20","","NA"
"2015-01-20 07:00","2015","01","20","07:00"," ","-12.3","","-16.6","","71","","26","","8","","","","97.36","","","","-17","","NA"
"2015-01-20 08:00","2015","01","20","08:00"," ","-13.1","","-18.1","","66","","27","","16","","","","97.40","","","","-21","","NA"
"2015-01-20 09:00","2015","01","20","09:00"," ","-13.1","","-18.4","","64","","28","","16","","","","97.45","","","","-21","","NA"
"2015-01-20 10:00","2015","01","20","10:00"," ","-13.0","","-18.8","","62","","29","","14","","","","97.47","","","","-20","","NA"
"2015-01-20 11:00","2015","01","20","11:00"," ","-13.4","","-19.4","","61","","26","","9","","","","97.48","","","","-19","","NA"
"2015-01-20 12:00","2015","01","20","12:00"," ","-13.9","","-19.4","","63","","26","","10","","","","97.52","","","","-20","","NA"
"2015-01-20 13:00","2015","01","20","13:00"," ","-13.8","","-19.7","","61","","28","","18","","","","97.56","","","","-22","","NA"
"2015-01-20 14:00","2015","01","20","14:00"," ","-13.8","","-19.0","","65","","27","","18","","","","97.62","","","","-22","","NA"
"2015-01-20 15:00","2015","01","20","15:00"," ","-14.2","","-18.9","","68","","29","","16","","","","97.73","","","","-22","","NA"
"2015-01-20 16:00","2015","01","20","16:00"," ","-14.6","","-19.7","","65","","26","","13","","","","97.82","","","","-22","","NA"
"2015-01-20 17:00","2015","01","20","17:00"," ","-14.8","","-19.3","","69","","27","","12","","","","97.90","","","","-22","","NA"
"2015-01-20 18:00","2015","01","20","18:00"," ","-14.5","","-18.6","","71","","27","","25","","","","97.97","","","","-25","","NA"
"2015-01-20 19:00","2015","01","20","19:00"," ","-14.1","","-17.4","","76","","27","","18","","","","98.03","","","","-23","","NA"
"2015-01-20 20:00","2015","01","20","20:00"," ","-13.2","","-16.2","","78","","29","","18","","","","98.08","","","","-21","","NA"
"2015-01-20 21:00","2015","01","20","21:00"," ","-12.7","","-15.6","","79","","30","","26","","","","98.13","","","","-22","","NA"
"2015-01-20 22:00","2015","01","20","22:00"," ","-12.8","","-16.0","","77","","31","","22","","","","98.21","","","","-22","","NA"
"2015-01-20 23:00","2015","01","20","23:00"," ","-12.7","","-16.5","","74","","30","","25","","","","98.31","","","","-22","","NA"
"2015-01-21 00:00","2015","01","21","00:00"," ","-12.8","","-16.6","","73","","31","","23","","","","98.38","","","","-22","","NA"
"2015-01-21 01:00","2015","01","21","01:00"," ","-12.7","","-16.4","","74","","31","","18","","","","98.47","","","","-21","","NA"
"2015-01-21 02:00","2015","01","21","02:00"," ","-12.4","","-16.2","","73","","30","","26","","","","98.61","","","","-22","","NA"
"2015-01-21 03:00","2015","01","21","03:00"," ","-12.5","","-16.6","","71","","31","","23","","","","98.74","","","","-22","","NA"
"2015-01-21 04:00","2015","01","21","04:00"," ","-12.5","","-16.6","","71","","30","","25","","","","98.84","","","","-22","","NA"
"2015-01-21 05:00","2015","01","21","05:00"," ","-12.6","","-16.3","","74","","31","","17","","","","98.94","","","","-20","","NA"
"2015-01-21 06:00","2015","01","21","06:00"," ","-12.6","","-16.4","","73","","31","","21","","","","99.11","","","","-21","","NA"
"2015-01-21 07:00","2015","01","21","07:00"," ","-12.8","","-16.1","","76","","31","","18","","","","99.21","","","","-21","","NA"
"2015-01-21 08:00","2015","01","21","08:00"," ","-12.8","","-15.6","","80","","32","","11","","","","99.35","","","","-19","","NA"
"2015-01-21 09:00","2015","01","21","09:00"," ","-12.8","","-16.1","","76","","33","","14","","","","99.44","","","","-20","","NA"
"2015-01-21 10:00","2015","01","21","10:00"," ","-12.4","","-15.8","","76","","33","","14","","","","99.57","","","","-19","","NA"
"2015-01-21 11:00","2015","01","21","11:00"," ","-12.0","","-16.2","","71","","30","","16","","","","99.66","","","","-19","","NA"
"2015-01-21 12:00","2015","01","21","12:00"," ","-11.7","","-16.5","","68","","32","","11","","","","99.73","","","","-18","","NA"
"2015-01-21 13:00","2015","01","21","13:00"," ","-12.1","","-16.6","","69","","34","","12","","","","99.79","","","","-18","","NA"
"2015-01-21 14:00","2015","01","21","14:00"," ","-11.6","","-16.1","","69","","33","","11","","","","99.87","","","","-18","","NA"
"2015-01-21 15:00","2015","01","21","15:00"," ","-11.7","","-16.2","","69","","34","","13","","","","99.96","","","","-18","","NA"
"2015-01-21 16:00","2015","01","21","16:00"," ","-12.5","","-16.2","","74","","33","","12","","","","100.04","","","","-19","","NA"
"2015-01-21 17:00","2015","01","21","17:00"," ","-13.7","","-17.0","","76","","35","","5","","","","100.17","","","","-17","","NA"
"2015-01-21 18:00","2015","01","21","18:00"," ","-14.7","","-16.9","","83","","12","","3","","","","100.22","","","","-17","","NA"
"2015-01-21 19:00","2015","01","21","19:00"," ","-16.5","","-18.0","","88","","22","","1","","","","100.26","","","","-17","","NA"
"2015-01-21 20:00","2015","01","21","20:00"," ","-17.5","","-19.1","","87","","14","","2","","","","100.28","","","","-19","","NA"
"2015-01-21 21:00","2015","01","21","21:00"," ","-18.5","","-20.3","","86","","18","","3","","","","100.30","","","","-21","","NA"
"2015-01-21 22:00","2015","01","21","22:00"," ","-19.4","","-21.2","","85","","14","","4","","","","100.32","","","","-23","","NA"
"2015-01-21 23:00","2015","01","21","23:00"," ","-19.2","","-21.0","","86","","16","","4","","","","100.34","","","","-23","","NA"
"2015-01-22 00:00","2015","01","22","00:00"," ","-19.4","","-21.3","","85","","15","","5","","","","100.37","","","","-24","","NA"
"2015-01-22 01:00","2015","01","22","01:00"," ","-19.8","","-21.8","","84","","15","","5","","","","100.42","","","","-24","","NA"
"2015-01-22 02:00","2015","01","22","02:00"," ","-20.2","","-22.2","","84","","21","","2","","","","100.44","","","","-22","","NA"
"2015-01-22 03:00","2015","01","22","03:00"," ","-20.9","","-22.9","","83","","15","","4","","","","100.45","","","","-24","","NA"
"2015-01-22 04:00","2015","01","22","04:00"," ","-21.6","","-23.7","","83","","16","","4","","","","100.46","","","","-25","","NA"
"2015-01-22 05:00","2015","01","22","05:00"," ","-21.9","","-24.0","","83","","14","","5","","","","100.46","","","","-26","","NA"
"2015-01-22 06:00","2015","01","22","06:00"," ","-22.7","","-25.0","","82","","18","","2","","","","100.46","","","","-25","","NA"
"2015-01-22 07:00","2015","01","22","07:00"," ","-23.7","","-26.1","","81","","15","","5","","","","100.44","","","","-28","","NA"
"2015-01-22 08:00","2015","01","22","08:00"," ","-23.4","","-25.7","","81","","16","","5","","","","100.48","","","","-28","","NA"
"2015-01-22 09:00","2015","01","22","09:00"," ","-22.0","","-24.2","","82","","15","","7","","","","100.47","","","","-28","","NA"
"2015-01-22 10:00","2015","01","22","10:00"," ","-19.1","","-21.1","","85","","14","","5","","","","100.41","","","","-23","","NA"
"2015-01-22 11:00","2015","01","22","11:00"," ","-15.5","","-18.0","","81","","17","","2","","","","100.27","","","","-17","","NA"
"2015-01-22 12:00","2015","01","22","12:00"," ","-12.1","","-16.2","","72","","13","","5","","","","100.16","","","","-15","","NA"
"2015-01-22 13:00","2015","01","22","13:00"," ","-10.4","","-15.1","","68","","32","","3","","","","100.07","","","","-12","","NA"
"2015-01-22 14:00","2015","01","22","14:00"," ","-8.3","","-14.2","","62","","19","","4","","","","100.06","","","","-10","","NA"
"2015-01-22 15:00","2015","01","22","15:00"," ","-9.0","","-14.6","","64","","33","","4","","","","100.04","","","","-11","","NA"
"2015-01-22 16:00","2015","01","22","16:00"," ","-11.1","","-14.4","","76","","34","","5","","","","99.99","","","","-14","","NA"
"2015-01-22 17:00","2015","01","22","17:00"," ","-13.7","","-15.7","","84","","0","","1","","","","100.01","","","","-14","","NA"
"2015-01-22 18:00","2015","01","22","18:00"," ","-15.7","","-17.2","","88","","34","","1","","","","100.00","","","","-16","","NA"
"2015-01-22 19:00","2015","01","22","19:00"," ","-16.6","","-18.2","","88","","19","","2","","","","99.95","","","","-18","","NA"
"2015-01-22 20:00","2015","01","22","20:00"," ","-18.7","","-20.4","","86","","32","","1","","","","99.90","","","","-20","","NA"
"2015-01-22 21:00","2015","01","22","21:00"," ","-19.1","","-20.9","","86","","0","","1","","","","99.87","","","","-20","","NA"
"2015-01-22 22:00","2015","01","22","22:00"," ","-20.4","","-22.4","","84","","17","","2","","","","99.80","","","","-22","","NA"
"2015-01-22 23:00","2015","01","22","23:00"," ","-21.0","","-23.0","","84","","","","0","","","","99.75","","","","","","NA"
"2015-01-23 00:00","2015","01","23","00:00"," ","-20.4","","-22.4","","84","","14","","3","","","","99.70","","","","-23","","NA"
"2015-01-23 01:00","2015","01","23","01:00"," ","-20.0","","-21.9","","85","","17","","4","","","","99.73","","","","-23","","NA"
"2015-01-23 02:00","2015","01","23","02:00"," ","-20.9","","-23.0","","83","","16","","4","","","","99.72","","","","-24","","NA"
"2015-01-23 03:00","2015","01","23","03:00"," ","-20.9","","-23.0","","84","","15","","5","","","","99.68","","","","-25","","NA"
"2015-01-23 04:00","2015","01","23","04:00"," ","-20.5","","-22.5","","84","","12","","3","","","","99.63","","","","-23","","NA"
"2015-01-23 05:00","2015","01","23","05:00"," ","-20.7","","-22.7","","84","","15","","3","","","","99.58","","","","-23","","NA"
"2015-01-23 06:00","2015","01","23","06:00"," ","-21.2","","-23.3","","83","","16","","4","","","","99.59","","","","-25","","NA"
"2015-01-23 07:00","2015","01","23","07:00"," ","-21.7","","-23.9","","83","","16","","3","","","","99.57","","","","-24","","NA"
"2015-01-23 08:00","2015","01","23","08:00"," ","-21.5","","-23.6","","83","","16","","3","","","","99.54","","","","-24","","NA"
"2015-01-23 09:00","2015","01","23","09:00"," ","-19.2","","-21.2","","85","","23","","2","","","","99.48","","","","-21","","NA"
"2015-01-23 10:00","2015","01","23","10:00"," ","-16.8","","-18.6","","86","","16","","4","","","","99.42","","","","-20","","NA"
"2015-01-23 11:00","2015","01","23","11:00"," ","-14.1","","-17.3","","77","","19","","4","","","","99.27","","","","-17","","NA"
"2015-01-23 12:00","2015","01","23","12:00"," ","-11.4","","-14.8","","76","","17","","4","","","","99.11","","","","-14","","NA"
"2015-01-23 13:00","2015","01","23","13:00"," ","-8.7","","-12.7","","73","","15","","7","","","","98.96","","","","-13","","NA"
"2015-01-23 14:00","2015","01","23","14:00"," ","-7.6","","-11.2","","75","","17","","9","","","","98.85","","","","-12","","NA"
"2015-01-23 15:00","2015","01","23","15:00"," ","-7.4","","-10.0","","82","","17","","10","","","","98.77","","","","-12","","NA"
"2015-01-23 16:00","2015","01","23","16:00"," ","-7.8","","-9.2","","90","","17","","11","","","","98.73","","","","-13","","NA"
"2015-01-23 17:00","2015","01","23","17:00"," ","-7.7","","-8.8","","92","","17","","10","","","","98.68","","","","-13","","NA"
"2015-01-23 18:00","2015","01","23","18:00"," ","-8.0","","-9.0","","93","","16","","10","","","","98.65","","","","-13","","NA"
"2015-01-23 19:00","2015","01","23","19:00"," ","-8.1","","-9.2","","92","","14","","8","","","","98.61","","","","-12","","NA"
"2015-01-23 20:00","2015","01","23","20:00"," ","-7.8","","-8.9","","92","","13","","6","","","","98.58","","","","-11","","NA"
"2015-01-23 21:00","2015","01","23","21:00"," ","-7.5","","-8.6","","92","","15","","7","","","","98.54","","","","-11","","NA"
"2015-01-23 22:00","2015","01","23","22:00"," ","-7.2","","-8.3","","92","","14","","7","","","","98.49","","","","-11","","NA"
"2015-01-23 23:00","2015","01","23","23:00"," ","-7.1","","-8.3","","91","","14","","6","","","","98.42","","","","-10","","NA"
"2015-01-24 00:00","2015","01","24","00:00"," ","-7.0","","-8.2","","91","","14","","9","","","","98.36","","","","-11","","NA"
"2015-01-24 01:00","2015","01","24","01:00"," ","-6.9","","-8.2","","91","","16","","7","","","","98.31","","","","-10","","NA"
"2015-01-24 02:00","2015","01","24","02:00"," ","-7.2","","-8.3","","92","","17","","7","","","","98.28","","","","-11","","NA"
"2015-01-24 03:00","2015","01","24","03:00"," ","-7.0","","-8.1","","92","","17","","5","","","","98.23","","","","-10","","NA"
"2015-01-24 04:00","2015","01","24","04:00"," ","-6.7","","-7.8","","92","","14","","10","","","","98.17","","","","-11","","NA"
"2015-01-24 05:00","2015","01","24","05:00"," ","-6.6","","-7.8","","92","","14","","13","","","","98.11","","","","-12","","NA"
"2015-01-24 06:00","2015","01","24","06:00"," ","-6.3","","-7.4","","91","","16","","8","","","","98.08","","","","-10","","NA"
"2015-01-24 07:00","2015","01","24","07:00"," ","-5.8","","-7.1","","91","","14","","10","","","","98.09","","","","-10","","NA"
"2015-01-24 08:00","2015","01","24","08:00"," ","-5.5","","-7.1","","89","","14","","12","","","","98.04","","","","-10","","NA"
"2015-01-24 09:00","2015","01","24","09:00"," ","-5.1","","-6.8","","88","","15","","9","","","","98.06","","","","-9","","NA"
"2015-01-24 10:00","2015","01","24","10:00"," ","-4.6","","-6.4","","87","","14","","12","","","","98.01","","","","-9","","NA"
"2015-01-24 11:00","2015","01","24","11:00"," ","-4.3","","-6.0","","88","","15","","13","","","","97.90","","","","-9","","NA"
"2015-01-24 12:00","2015","01","24","12:00"," ","-3.7","","-5.6","","87","","15","","12","","","","97.76","","","","-8","","NA"
"2015-01-24 13:00","2015","01","24","13:00"," ","-3.1","","-5.2","","85","","16","","11","","","","97.72","","","","-7","","NA"
"2015-01-24 14:00","2015","01","24","14:00"," ","-3.3","","-5.1","","87","","15","","11","","","","97.63","","","","-8","","NA"
"2015-01-24 15:00","2015","01","24","15:00"," ","-3.3","","-4.6","","91","","15","","8","","","","97.55","","","","-7","","NA"
"2015-01-24 16:00","2015","01","24","16:00"," ","-3.3","","-4.6","","91","","15","","11","","","","97.52","","","","-8","","NA"
"2015-01-24 17:00","2015","01","24","17:00"," ","-3.2","","-4.9","","88","","16","","9","","","","97.44","","","","-7","","NA"
"2015-01-24 18:00","2015","01","24","18:00"," ","-3.2","","-4.9","","88","","16","","1","","","","97.33","","","","-4","","NA"
"2015-01-24 19:00","2015","01","24","19:00"," ","-3.5","","-5.0","","90","","19","","3","","","","97.20","","","","-5","","NA"
"2015-01-24 20:00","2015","01","24","20:00"," ","-3.6","","-5.0","","90","","21","","2","","","","97.14","","","","-4","","NA"
"2015-01-24 21:00","2015","01","24","21:00"," ","-4.0","","-5.1","","92","","36","","3","","","","97.02","","","","-5","","NA"
"2015-01-24 22:00","2015","01","24","22:00"," ","-4.4","","-5.3","","93","","35","","3","","","","96.81","","","","-6","","NA"
"2015-01-24 23:00","2015","01","24","23:00"," ","-4.5","","-5.4","","94","","35","","6","","","","96.60","","","","-7","","NA"
"2015-01-25 00:00","2015","01","25","00:00"," ","-4.5","","-5.5","","92","","35","","7","","","","96.38","","","","-8","","NA"
"2015-01-25 01:00","2015","01","25","01:00"," ","-4.3","","-5.5","","91","","33","","10","","","","96.26","","","","-8","","NA"
"2015-01-25 02:00","2015","01","25","02:00"," ","-4.2","","-5.4","","91","","33","","14","","","","96.21","","","","-9","","NA"
"2015-01-25 03:00","2015","01","25","03:00"," ","-4.1","","-5.0","","93","","33","","13","","","","96.15","","","","-9","","NA"
"2015-01-25 04:00","2015","01","25","04:00"," ","-4.2","","-5.0","","94","","34","","20","","","","96.12","","","","-11","","NA"
"2015-01-25 05:00","2015","01","25","05:00"," ","-4.3","","-4.8","","96","","31","","11","","","","96.12","","","","-9","","NA"
"2015-01-25 06:00","2015","01","25","06:00"," ","-4.3","","-4.9","","95","","30","","12","","","","96.17","","","","-9","","NA"
"2015-01-25 07:00","2015","01","25","07:00"," ","-3.9","","-5.0","","92","","31","","14","","","","96.20","","","","-9","","NA"
"2015-01-25 08:00","2015","01","25","08:00"," ","-7.5","","-10.7","","78","","32","","15","","","","96.38","","","","-14","","NA"
"2015-01-25 09:00","2015","01","25","09:00"," ","-9.6","","-13.4","","74","","30","","22","","","","96.54","","","","-18","","NA"
"2015-01-25 10:00","2015","01","25","10:00"," ","-10.9","","-15.4","","69","","29","","17","","","","96.70","","","","-18","","NA"
"2015-01-25 11:00","2015","01","25","11:00"," ","-13.2","","-17.6","","69","","27","","23","","","","96.83","","","","-23","","NA"
"2015-01-25 12:00","2015","01","25","12:00"," ","-13.8","","-19.3","","63","","27","","23","","","","96.95","","","","-23","","NA"
"2015-01-25 13:00","2015","01","25","13:00"," ","-14.0","","-19.9","","61","","27","","21","","","","97.03","","","","-23","","NA"
"2015-01-25 14:00","2015","01","25","14:00"," ","-14.3","","-18.9","","69","","28","","22","","","","97.07","","","","-24","","NA"
"2015-01-25 15:00","2015","01","25","15:00"," ","-14.4","","-18.5","","71","","27","","14","","","","97.18","","","","-22","","NA"
"2015-01-25 16:00","2015","01","25","16:00"," ","-14.2","","-18.0","","73","","28","","16","","","","97.28","","","","-22","","NA"
"2015-01-25 17:00","2015","01","25","17:00"," ","-14.2","","-17.9","","73","","30","","14","","","","97.44","","","","-22","","NA"
"2015-01-25 18:00","2015","01","25","18:00"," ","-13.5","","-16.7","","77","","30","","21","","","","97.62","","","","-22","","NA"
"2015-01-25 19:00","2015","01","25","19:00"," ","-14.3","","-17.7","","76","","31","","30","","","","97.81","","","","-25","","NA"
"2015-01-25 20:00","2015","01","25","20:00"," ","-15.4","","-17.5","","84","","31","","23","","","","97.98","","","","-25","","NA"
"2015-01-25 21:00","2015","01","25","21:00"," ","-16.9","","-19.6","","80","","32","","33","","","","98.18","","","","-29","","NA"
"2015-01-25 22:00","2015","01","25","22:00"," ","-17.3","","-20.3","","78","","32","","32","","","","98.36","","","","-29","","NA"
"2015-01-25 23:00","2015","01","25","23:00"," ","-17.5","","-20.9","","75","","31","","31","","","","98.54","","","","-29","","NA"
"2015-01-26 00:00","2015","01","26","00:00"," ","-17.9","","-21.6","","73","","32","","27","","","","98.68","","","","-29","","NA"
"2015-01-26 01:00","2015","01","26","01:00"," ","-18.3","","-21.9","","73","","32","","24","","","","98.85","","","","-29","","NA"
"2015-01-26 02:00","2015","01","26","02:00"," ","-18.9","","-22.9","","71","","31","","25","","","","99.04","","","","-30","","NA"
"2015-01-26 03:00","2015","01","26","03:00"," ","-19.0","","-22.8","","72","","32","","19","","","","99.15","","","","-29","","NA"
"2015-01-26 04:00","2015","01","26","04:00"," ","-19.6","","-23.3","","73","","33","","17","","","","99.25","","","","-29","","NA"
"2015-01-26 05:00","2015","01","26","05:00"," ","-19.9","","-23.6","","72","","32","","17","","","","99.37","","","","-30","","NA"
"2015-01-26 06:00","2015","01","26","06:00"," ","-20.3","","-24.2","","71","","31","","15","","","","99.48","","","","-29","","NA"
"2015-01-26 07:00","2015","01","26","07:00"," ","-20.8","","-24.8","","70","","34","","14","","","","99.60","","","","-30","","NA"
"2015-01-26 08:00","2015","01","26","08:00"," ","-21.0","","-25.3","","69","","31","","18","","","","99.70","","","","-31","","NA"
"2015-01-26 09:00","2015","01","26","09:00"," ","-20.9","","-25.0","","70","","30","","13","","","","99.82","","","","-30","","NA"
"2015-01-26 10:00","2015","01","26","10:00"," ","-20.2","","-25.1","","65","","30","","17","","","","99.92","","","","-30","","NA"
"2015-01-26 11:00","2015","01","26","11:00"," ","-19.1","","-24.7","","61","","30","","14","","","","100.02","","","","-28","","NA"
"2015-01-26 12:00","2015","01","26","12:00"," ","-18.0","","-24.1","","59","","31","","10","","","","100.01","","","","-25","","NA"
"2015-01-26 13:00","2015","01","26","13:00"," ","-17.7","","-24.0","","58","","33","","15","","","","100.04","","","","-26","","NA"
"2015-01-26 14:00","2015","01","26","14:00"," ","-17.5","","-23.5","","60","","32","","12","","","","100.09","","","","-25","","NA"
"2015-01-26 15:00","2015","01","26","15:00"," ","-17.7","","-22.4","","67","","33","","9","","","","100.18","","","","-24","","NA"
"2015-01-26 16:00","2015","01","26","16:00"," ","-18.2","","-21.9","","73","","34","","7","","","","100.25","","","","-24","","NA"
"2015-01-26 17:00","2015","01","26","17:00"," ","-19.6","","-22.4","","79","","32","","2","","","","100.32","","","","-21","","NA"
"2015-01-26 18:00","2015","01","26","18:00"," ","-20.8","","-22.9","","83","","14","","3","","","","100.43","","","","-23","","NA"
"2015-01-26 19:00","2015","01","26","19:00"," ","-21.9","","-24.0","","83","","15","","4","","","","100.63","","","","-26","","NA"
"2015-01-26 20:00","2015","01","26","20:00"," ","-23.6","","-25.9","","81","","20","","3","","","","100.71","","","","-26","","NA"
"2015-01-26 21:00","2015","01","26","21:00"," ","-24.7","","-27.2","","80","","35","","2","","","","100.76","","","","-27","","NA"
"2015-01-26 22:00","2015","01","26","22:00"," ","-24.9","","-27.5","","79","","16","","4","","","","100.80","","","","-29","","NA"
"2015-01-26 23:00","2015","01","26","23:00"," ","-25.9","","-28.5","","79","","16","","5","","","","100.89","","","","-31","","NA"
"2015-01-27 00:00","2015","01","27","00:00"," ","-26.7","","-29.4","","78","","14","","1","","","","100.90","","","","-28","","NA"
"2015-01-27 01:00","2015","01","27","01:00"," ","-27.0","","-29.8","","77","","17","","4","","","","100.88","","","","-31","","NA"
"2015-01-27 02:00","2015","01","27","02:00"," ","-27.6","","-30.5","","77","","16","","3","","","","100.86","","","","-31","","NA"
"2015-01-27 03:00","2015","01","27","03:00"," ","-28.4","","-31.3","","76","","15","","4","","","","100.93","","","","-33","","NA"
"2015-01-27 04:00","2015","01","27","04:00"," ","-28.2","","-31.2","","76","","17","","5","","","","100.87","","","","-34","","NA"
"2015-01-27 05:00","2015","01","27","05:00"," ","-27.4","","-30.2","","77","","34","","6","","","","100.75","","","","-34","","NA"
"2015-01-27 06:00","2015","01","27","06:00"," ","-25.8","","-28.5","","78","","35","","8","","","","100.68","","","","-33","","NA"
"2015-01-27 07:00","2015","01","27","07:00"," ","-24.9","","-27.4","","79","","33","","2","","","","100.70","","","","-27","","NA"
"2015-01-27 08:00","2015","01","27","08:00"," ","-23.6","","-26.0","","81","","23","","2","","","","100.65","","","","-26","","NA"
"2015-01-27 09:00","2015","01","27","09:00"," ","-20.6","","-22.7","","83","","31","","1","","","","100.55","","","","-21","","NA"
"2015-01-27 10:00","2015","01","27","10:00"," ","-18.8","","-20.8","","84","","","","0","","","","100.48","","","","","","NA"
"2015-01-27 11:00","2015","01","27","11:00"," ","-16.6","","-20.2","","74","","3","","3","","","","100.28","","","","-19","","NA"
"2015-01-27 12:00","2015","01","27","12:00"," ","-15.0","","-20.2","","65","","36","","12","","","","100.13","","","","-22","","NA"
"2015-01-27 13:00","2015","01","27","13:00"," ","-14.5","","-20.6","","60","","36","","15","","","","100.07","","","","-22","","NA"
"2015-01-27 14:00","2015","01","27","14:00"," ","-14.1","","-19.8","","62","","36","","12","","","","99.96","","","","-21","","NA"
"2015-01-27 15:00","2015","01","27","15:00"," ","-14.5","","-19.9","","63","","36","","15","","","","99.84","","","","-22","","NA"
"2015-01-27 16:00","2015","01","27","16:00"," ","-14.6","","-19.7","","65","","36","","15","","","","99.78","","","","-22","","NA"
"2015-01-27 17:00","2015","01","27","17:00"," ","-14.5","","-19.3","","67","","35","","16","","","","99.73","","","","-23","","NA"
"2015-01-27 18:00","2015","01","27","18:00"," ","-14.5","","-19.0","","68","","36","","17","","","","99.72","","","","-23","","NA"
"2015-01-27 19:00","2015","01","27","19:00"," ","-14.5","","-17.3","","79","","36","","21","","","","99.70","","","","-24","","NA"
"2015-01-27 20:00","2015","01","27","20:00"," ","-14.2","","-17.4","","77","","35","","20","","","","99.62","","","","-23","","NA"
"2015-01-27 21:00","2015","01","27","21:00"," ","-13.7","","-17.3","","74","","35","","23","","","","99.48","","","","-23","","NA"
"2015-01-27 22:00","2015","01","27","22:00"," ","-13.6","","-17.4","","73","","35","","21","","","","99.41","","","","-23","","NA"
"2015-01-27 23:00","2015","01","27","23:00"," ","-13.8","","-17.3","","75","","35","","20","","","","99.32","","","","-23","","NA"
"2015-01-28 00:00","2015","01","28","00:00"," ","-13.6","","-17.0","","76","","34","","20","","","","99.25","","","","-22","","NA"
"2015-01-28 01:00","2015","01","28","01:00"," ","-13.3","","-16.9","","75","","34","","23","","","","99.19","","","","-23","","NA"
"2015-01-28 02:00","2015","01","28","02:00"," ","-13.0","","-16.5","","75","","34","","24","","","","99.12","","","","-22","","NA"
"2015-01-28 03:00","2015","01","28","03:00"," ","-12.7","","-16.2","","75","","35","","23","","","","99.12","","","","-22","","NA"
"2015-01-28 04:00","2015","01","28","04:00"," ","-12.4","","-15.6","","77","","35","","22","","","","99.13","","","","-21","","NA"
"2015-01-28 05:00","2015","01","28","05:00"," ","-12.2","","-15.5","","76","","35","","21","","","","99.18","","","","-21","","NA"
"2015-01-28 06:00","2015","01","28","06:00"," ","-12.1","","-15.1","","79","","34","","19","","","","99.20","","","","-20","","NA"
"2015-01-28 07:00","2015","01","28","07:00"," ","-12.0","","-15.0","","79","","35","","20","","","","99.20","","","","-20","","NA"
"2015-01-28 08:00","2015","01","28","08:00"," ","-11.8","","-14.4","","81","","34","","21","","","","99.19","","","","-20","","NA"
"2015-01-28 09:00","2015","01","28","09:00"," ","-11.7","","-14.1","","82","","34","","17","","","","99.21","","","","-19","","NA"
"2015-01-28 10:00","2015","01","28","10:00"," ","-11.6","","-14.3","","81","","34","","23","","","","99.24","","","","-20","","NA"
"2015-01-28 11:00","2015","01","28","11:00"," ","-11.5","","-14.3","","79","","34","","18","","","","99.22","","","","-19","","NA"
"2015-01-28 12:00","2015","01","28","12:00"," ","-11.5","","-14.3","","79","","32","","16","","","","99.21","","","","-19","","NA"
"2015-01-28 13:00","2015","01","28","13:00"," ","-11.3","","-14.8","","75","","33","","23","","","","99.17","","","","-20","","NA"
"2015-01-28 14:00","2015","01","28","14:00"," ","-11.9","","-15.0","","78","","32","","24","","","","99.18","","","","-21","","NA"
"2015-01-28 15:00","2015","01","28","15:00"," ","-12.0","","-15.6","","74","","33","","21","","","","99.29","","","","-21","","NA"
"2015-01-28 16:00","2015","01","28","16:00"," ","-12.8","","-16.9","","71","","32","","17","","","","99.43","","","","-21","","NA"
"2015-01-28 17:00","2015","01","28","17:00"," ","-13.4","","-17.9","","69","","34","","9","","","","99.52","","","","-19","","NA"
"2015-01-28 18:00","2015","01","28","18:00"," ","-15.2","","-18.2","","78","","33","","5","","","","99.56","","","","-19","","NA"
"2015-01-28 19:00","2015","01","28","19:00"," ","-15.6","","-18.6","","78","","34","","4","","","","99.58","","","","-19","","NA"
"2015-01-28 20:00","2015","01","28","20:00"," ","-15.8","","-18.6","","79","","35","","9","","","","99.59","","","","-22","","NA"
"2015-01-28 21:00","2015","01","28","21:00"," ","-15.4","","-19.0","","74","","35","","14","","","","99.61","","","","-23","","NA"
"2015-01-28 22:00","2015","01","28","22:00"," ","-14.4","","-18.2","","73","","35","","17","","","","99.64","","","","-23","","NA"
"2015-01-28 23:00","2015","01","28","23:00"," ","-14.1","","-17.7","","74","","35","","19","","","","99.68","","","","-23","","NA"
"2015-01-29 00:00","2015","01","29","00:00"," ","-14.4","","-17.6","","77","","35","","12","","","","99.76","","","","-21","","NA"
"2015-01-29 01:00","2015","01","29","01:00"," ","-14.3","","-17.3","","78","","34","","13","","","","99.82","","","","-21","","NA"
"2015-01-29 02:00","2015","01","29","02:00"," ","-12.8","","-16.3","","75","","34","","9","","","","99.89","","","","-18","","NA"
"2015-01-29 03:00","2015","01","29","03:00"," ","-12.1","","-16.0","","73","","35","","8","","","","99.95","","","","-17","","NA"
"2015-01-29 04:00","2015","01","29","04:00"," ","-11.7","","-15.6","","73","","35","","4","","","","100.01","","","","-14","","NA"
"2015-01-29 05:00","2015","01","29","05:00"," ","-10.9","","-15.4","","70","","36","","4","","","","100.04","","","","-13","","NA"
"2015-01-29 06:00","2015","01","29","06:00"," ","-10.4","","-15.1","","68","","34","","8","","","","100.11","","","","-15","","NA"
"2015-01-29 07:00","2015","01","29","07:00"," ","-10.1","","-14.7","","69","","33","","10","","","","100.16","","","","-15","","NA"
"2015-01-29 08:00","2015","01","29","08:00"," ","-9.6","","-14.6","","67","","9","","6","","","","100.23","","","","-13","","NA"
"2015-01-29 09:00","2015","01","29","09:00"," ","-8.8","","-13.8","","67","","36","","8","","","","100.28","","","","-13","","NA"
"2015-01-29 10:00","2015","01","29","10:00"," ","-8.2","","-13.3","","67","","35","","8","","","","100.24","","","","-12","","NA"
"2015-01-29 11:00","2015","01","29","11:00"," ","-7.5","","-13.3","","63","","35","","7","","","","100.13","","","","-11","","NA"
"2015-01-29 12:00","2015","01","29","12:00"," ","-7.2","","-12.6","","66","","36","","6","","","","100.04","","","","-10","","NA"
"2015-01-29 13:00","2015","01","29","13:00"," ","-5.7","","-11.9","","62","","21","","3","","","","100.05","","","","-7","","NA"
"2015-01-29 14:00","2015","01","29","14:00"," ","-5.0","","-11.9","","59","","14","","9","","","","99.98","","","","-9","","NA"
"2015-01-29 15:00","2015","01","29","15:00"," ","-5.2","","-10.9","","64","","13","","11","","","","99.94","","","","-10","","NA"
"2015-01-29 16:00","2015","01","29","16:00"," ","-6.1","","-10.2","","73","","14","","10","","","","99.95","","","","-11","","NA"
"2015-01-29 17:00","2015","01","29","17:00"," ","-7.1","","-10.3","","78","","16","","7","","","","99.93","","","","-11","","NA"
"2015-01-29 18:00","2015","01","29","18:00"," ","-7.9","","-10.6","","81","","16","","10","","","","99.86","","","","-13","","NA"
"2015-01-29 19:00","2015","01","29","19:00"," ","-8.9","","-11.0","","84","","17","","5","","","","99.88","","","","-12","","NA"
"2015-01-29 20:00","2015","01","29","20:00"," ","-9.6","","-11.4","","87","","15","","8","","","","99.85","","","","-14","","NA"
"2015-01-29 21:00","2015","01","29","21:00"," ","-9.6","","-11.3","","87","","16","","9","","","","99.81","","","","-14","","NA"
"2015-01-29 22:00","2015","01","29","22:00"," ","-10.1","","-11.7","","88","","16","","6","","","","99.76","","","","-14","","NA"
"2015-01-29 23:00","2015","01","29","23:00"," ","-9.6","","-11.3","","88","","15","","9","","","","99.68","","","","-14","","NA"
"2015-01-30 00:00","2015","01","30","00:00"," ","-9.4","","-11.1","","88","","17","","6","","","","99.58","","","","-13","","NA"
"2015-01-30 01:00","2015","01","30","01:00"," ","-9.2","","-11.0","","87","","17","","6","","","","99.54","","","","-13","","NA"
"2015-01-30 02:00","2015","01","30","02:00"," ","-9.8","","-11.4","","88","","16","","7","","","","99.51","","","","-14","","NA"
"2015-01-30 03:00","2015","01","30","03:00"," ","-11.0","","-12.3","","90","","17","","6","","","","99.43","","","","-15","","NA"
"2015-01-30 04:00","2015","01","30","04:00"," ","-9.6","","-11.2","","88","","15","","10","","","","99.40","","","","-15","","NA"
"2015-01-30 05:00","2015","01","30","05:00"," ","-9.6","","-11.2","","88","","16","","11","","","","99.32","","","","-15","","NA"
"2015-01-30 06:00","2015","01","30","06:00"," ","-9.3","","-11.2","","86","","16","","9","","","","99.30","","","","-14","","NA"
"2015-01-30 07:00","2015","01","30","07:00"," ","-9.3","","-11.3","","85","","16","","8","","","","99.25","","","","-14","","NA"
"2015-01-30 08:00","2015","01","30","08:00"," ","-8.9","","-11.2","","83","","18","","8","","","","99.22","","","","-13","","NA"
"2015-01-30 09:00","2015","01","30","09:00"," ","-8.5","","-10.4","","87","","17","","9","","","","99.18","","","","-13","","NA"
"2015-01-30 10:00","2015","01","30","10:00"," ","-7.9","","-9.3","","89","","15","","7","","","","99.14","","","","-12","","NA"
"2015-01-30 11:00","2015","01","30","11:00"," ","-6.9","","-8.7","","87","","16","","9","","","","99.05","","","","-11","","NA"
"2015-01-30 12:00","2015","01","30","12:00"," ","-5.7","","-8.2","","83","","16","","10","","","","98.95","","","","-10","","NA"
"2015-01-30 13:00","2015","01","30","13:00"," ","-5.1","","-7.1","","86","","15","","11","","","","98.88","","","","-10","","NA"
"2015-01-30 14:00","2015","01","30","14:00"," ","-4.8","","-6.7","","87","","14","","7","","","","98.87","","","","-8","","NA"
"2015-01-30 15:00","2015","01","30","15:00"," ","-4.8","","-6.8","","86","","15","","9","","","","98.86","","","","-9","","NA"
"2015-01-30 16:00","2015","01","30","16:00"," ","-4.9","","-6.6","","88","","16","","5","","","","98.87","","","","-7","","NA"
"2015-01-30 17:00","2015","01","30","17:00"," ","-5.5","","-6.9","","89","","16","","4","","","","98.90","","","","-7","","NA"
"2015-01-30 18:00","2015","01","30","18:00"," ","-5.8","","-7.1","","90","","17","","4","","","","98.93","","","","-8","","NA"
"2015-01-30 19:00","2015","01","30","19:00"," ","-6.2","","-7.3","","92","","15","","3","","","","98.94","","","","-8","","NA"
"2015-01-30 20:00","2015","01","30","20:00"," ","-6.6","","-7.4","","94","","22","","2","","","","98.92","","","","-8","","NA"
"2015-01-30 21:00","2015","01","30","21:00"," ","-7.3","","-7.9","","95","","14","","3","","","","98.96","","","","-9","","NA"
"2015-01-30 22:00","2015","01","30","22:00"," ","-7.9","","-8.5","","96","","","","0","","","","98.98","","","","","","NA"
"2015-01-30 23:00","2015","01","30","23:00"," ","-8.6","","-9.2","","95","","33","","2","","","","98.94","","","","-10","","NA"
"2015-01-31 00:00","2015","01","31","00:00"," ","-7.9","","-8.5","","95","","13","","2","","","","98.98","","","","-9","","NA"
"2015-01-31 01:00","2015","01","31","01:00"," ","-7.0","","-7.8","","94","","34","","8","","","","98.93","","","","-11","","NA"
"2015-01-31 02:00","2015","01","31","02:00"," ","-7.7","","-9.5","","87","","32","","14","","","","99.00","","","","-14","","NA"
"2015-01-31 03:00","2015","01","31","03:00"," ","-9.0","","-11.0","","85","","34","","16","","","","99.01","","","","-16","","NA"
"2015-01-31 04:00","2015","01","31","04:00"," ","-10.0","","-12.0","","86","","35","","19","","","","99.00","","","","-18","","NA"
"2015-01-31 05:00","2015","01","31","05:00"," ","-10.9","","-12.9","","86","","34","","18","","","","99.00","","","","-19","","NA"
"2015-01-31 06:00","2015","01","31","06:00"," ","-11.4","","-13.5","","85","","34","","21","","","","99.01","","","","-20","","NA"
"2015-01-31 07:00","2015","01","31","07:00"," ","-12.1","","-14.3","","83","","34","","22","","","","99.03","","","","-21","","NA"
"2015-01-31 08:00","2015","01","31","08:00"," ","-12.8","","-14.9","","85","","35","","22","","","","99.01","","","","-22","","NA"
"2015-01-31 09:00","2015","01","31","09:00"," ","-13.2","","-15.5","","83","","35","","23","","","","99.06","","","","-23","","NA"
"2015-01-31 10:00","2015","01","31","10:00"," ","-13.4","","-15.8","","82","","34","","30","","","","98.93","","","","-24","","NA"
"2015-01-31 11:00","2015","01","31","11:00"," ","-12.9","","-15.7","","79","","34","","25","","","","98.87","","","","-22","","NA"
"2015-01-31 12:00","2015","01","31","12:00"," ","-12.9","","-15.7","","79","","33","","27","","","","98.80","","","","-23","","NA"
"2015-01-31 13:00","2015","01","31","13:00"," ","-13.2","","-15.9","","80","","34","","28","","","","98.72","","","","-23","","NA"
"2015-01-31 14:00","2015","01","31","14:00"," ","-13.3","","-15.8","","81","","34","","25","","","","98.66","","","","-23","","NA"
"2015-01-31 15:00","2015","01","31","15:00"," ","-13.3","","-15.7","","82","","34","","24","","","","98.66","","","","-23","","NA"
"2015-01-31 16:00","2015","01","31","16:00"," ","-13.2","","-15.3","","84","","35","","27","","","","98.66","","","","-23","","NA"
"2015-01-31 17:00","2015","01","31","17:00"," ","-12.8","","-14.7","","85","","34","","21","","","","98.68","","","","-22","","NA"
"2015-01-31 18:00","2015","01","31","18:00"," ","-12.1","","-14.2","","84","","33","","24","","","","98.58","","","","-21","","NA"
"2015-01-31 19:00","2015","01","31","19:00"," ","-12.4","","-14.7","","83","","33","","24","","","","98.58","","","","-22","","NA"
"2015-01-31 20:00","2015","01","31","20:00"," ","-12.7","","-15.1","","82","","32","","25","","","","98.58","","","","-22","","NA"
"2015-01-31 21:00","2015","01","31","21:00"," ","-12.7","","-15.0","","83","","32","","22","","","","98.53","","","","-22","","NA"
"2015-01-31 22:00","2015","01","31","22:00"," ","-13.0","","-15.5","","81","","32","","24","","","","98.43","","","","-22","","NA"
"2015-01-31 23:00","2015","01","31","23:00"," ","-13.8","","-16.6","","80","","32","","24","","","","98.43","","","","-23","","NA"
